ModelGroup,Locale
1 Series,en-Us
2 Series,en-Us
200 Series,en-Us
3 Series,en-Us
300 Series,en-Us
300/300C,en-Us
300/300C Series,en-Us
4 Series,en-Us
5 Series,en-Us
6 Series,en-Us
7 Series,en-Us
8 Series,en-Us
Accord,en-Us
All Models,en-Us
All Other Models,en-Us
Aveo,en-Us
C-Class,en-Us
CLA-Class,en-Us
CL-Class,en-Us
CLK-Class,en-Us
CLS-Class,en-Us
Cooper,en-Us
E-Class,en-Us
Econoline,en-Us
Elantra,en-Us
Envoy,en-Us
Escalade,en-Us
Expedition,en-Us
Explorer,en-Us
Express,en-Us
F35/F45,en-Us
Forte,en-Us
F-Series,en-Us
FX35/FX45,en-Us
G Series,en-Us
G10 G30 P Series,en-Us
G10-G30 Series,en-Us
G10-G30-P Series,en-Us
G-Class,en-Us
GLA-Class,en-Us
GL-Class,en-Us
GLE-Class,en-Us
GLK-Class,en-Us
Golf,en-Us
GS300/400,en-Us
GS300/430,en-Us
GS300/GS400,en-Us
GX,en-Us
H3,en-Us
i280/i350,en-Us
i290/i370,en-Us
Impreza,en-Us
IS Series,en-Us
Kodiak,en-Us
Legacy/Outback,en-Us
LS Series,en-Us
M Roadster/Coupe,en-Us
M235,en-Us
M6,en-Us
M-Class,en-Us
Murano,en-Us
Navigator,en-Us
NV,en-Us
Other Cadillac Models,en-Us
Other Models,en-Us
Outlander,en-Us
Pick-up,en-Us
Ram  Truck,en-Us
Ram Pick-up,en-Us
Ram Truck,en-Us
Range Rover,en-Us
R-Class,en-Us
Rio,en-Us
S Series,en-Us
S40/V40,en-Us
S70/V70,en-Us
S90/V90,en-Us
Savana,en-Us
SC Series,en-Us
SC300/400,en-Us
SC300/SC400,en-Us
S-Class,en-Us
Sierra,en-Us
Silverado,en-Us
SL-Class,en-Us
SLK-Class,en-Us
SLS-Class,en-Us
Spectra,en-Us
S-Series,en-Us
Taurus,en-Us
Topkick,en-Us
Trailblazer,en-Us
Transit,en-Us
Versa,en-Us
X5,en-Us
X6,en-Us
XC50/XC70/XC90,en-Us
XC70/XC90,en-Us
XJ,en-Us
XK,en-Us
Yukon,en-Us
