cat	subcat
Puzzles	
Trivia	
Other	
Drawing	
Casual	
Educational	
Kids	
Multiplayer	
Music	
Arcade	
Board	
Action	
Adventure	
Role Playing	
Strategy	
Cards	
Casino	
Racing	
Football	
Cricket	
Sports	
Alarms & Clocks	
Battery Savers	
Books	
Books & Readers	
Business	
Business	Reference
Calculators	
Calendars	
Children's Books	
City Info	
City Info	Boston
City Info	Chicago
City Info	Dallas
City Info	Los Angeles
City Info	Miami
City Info	New York
City Info	Philadelphia
City Info	Phoenix
City Info	San Francisco
City Info	Seattle
Comics	
Communication	
Communication	E-mail
Communication	Instant Messaging
Communication	SMS
Communication	Other
Cooking	
Country Guides	
Diet & Weight Loss	
Education	
Education	Higher
Education	Primary
Education	Secondary
Education	History
Education	Math
Education	Reading
Education	Science
Education	Test Guides
Education	Writing
Education	Language
Education	Dictionaries
Education	Language learning
Entertainment	
Entertainment	Comedy
Entertainment	Music
Entertainment	Sports
Entertainment	Theatre
Entertainment	Movies
Entertainment	Fun tools
Entertainment	Bollywood
Entertainment	Other
Finance	
Finance	Corporate
Finance	Other
Finance	Accounting
Finance	Banking
Finance	Investing
Finance	Money & Currency
Graphic Novels	
Health	Exercise
Health	Medical
Health	Meditation
Health	Pregnancy
Health	Sleep Trackers
Health	Books
Health & Fitness	
Home & Hobby	
Home & Hobby	Other
Home & Hobby	Budgeting
Kids	
Kids	Alphabet
Kids	Animals
Kids	History
Kids	Language
Kids	Math
Kids	Popular Characters
Kids	Reading
Kids	Science
Kids	Writing
Lifestyle	
Lifestyle	Advice
Lifestyle	Astrology
Lifestyle	Celebrity
Lifestyle	Culture
Lifestyle	Design
Lifestyle	Fashion
Lifestyle	Living
Lifestyle	Hair & Beauty
Lifestyle	Home & Garden
Lifestyle	Parenting
Lifestyle	Quizzes & Games
Lifestyle	Relationships
Lifestyle	Self Improvement
Live Wallpapers	
Magazines	
Music	
Music	Artists
Music	Instruments
Music	Songbooks
Music Players	
Navigation	
News	
News	Regional News
News	Other
News	Weather
News	Business
News	Entertainment
News	Health
News	Politics
News	Science & Tech
News	Sports
News	US
News	World
Newspapers	
Notes	
Novelty	
Personal Finance	
Personalization	
Photography	
Photography	Camera
Photography	Editing
Photography	Gallery
Photography	Sharing
Podcasts	
Productivity	
Publications	
Radio	
Real Estate	
Reference	
Religion	
Religion	Buddhism
Religion	Chinese folk
Religion	Christianity
Religion	Hinduism
Religion	Islam
Religion	Quran
Religion	Hadith
Religion	Islamic tools
Religion	Other
Ringtones	
Ringtones	Christian
Ringtones	Classical
Ringtones	Collegiate
Ringtones	Comedy
Ringtones	Country
Ringtones	Dance & Electronic
Ringtones	Jazz & Standards
Ringtones	Latin
Ringtones	Pop
Ringtones	Rap
Ringtones	Rock
Ringtones	Sound Effects
Ringtones	Soundtracks
Ringtones	Sports
Ringtones	TV
Ringtones	Voicetones
Shopping	
Social	
Sports	
Sports	Athletic
Sports	Disabled
Sports	Extreme
Sports	Cricket
Sports	Motor
Sports	Baseball
Sports	Basketball
Sports	Boxing
Sports	Football
Sports	Golf
Sports	Hockey
Sports	NCAA
Sports	Soccer
Sports	Tennis
Sports	UFC
Travel	Transportation
Travel	
Travel	Auto Rental
Travel	Flight
Travel	Hotel
Travel	Trip Planner
Utilities	
Utilities	Developer
Utilities	Other
Utilities	Security
Video	
Wallpapers	
Weather	
Web Browsers	
