code,city
nlta,xinyuan city
cybp,yibin
szcz,szczecin
rova,rovaniemi
wrga,wrangell
clyg,lianyungang
ycga,castlegar
cllv,lvliang
tola,toledo
shwa,al wuday`ah
znda,zinder
yvqa,norman wells
usqa,usak
gall,gallivare
uzra,urdzhar
jfra,paamiut
capa,cap haitien
mvpa,mitu
bhba,bar harbor
nima,niamey
cawa,campos
sjka,sao jose dos campos
sbgi,sabang
caen,caen
aloa,waterloo
mtja,montrose
plba,plattsburgh
olfa,wolf point
inta,inta
ikoa,nikolski
eara,kearney
exet,exeter
cjua,jeju
loet,loei
tnji,tanjung pinang
anco,ancona
tpqa,tepic
cbia,cape barren island
wsxa,westsound
htya,antakya
ulbv,pamel
hina,jinju
kotl,kotlas
gvra,governador valadares
rosv,rostov-on-don
asea,aspen
coqa,choibalsan
acta,waco
bnka,ballina
miia,marilia
bodr,bodrum
cxpi,cilacap
pmka,palm island
cwba,curitiba
lpmv,lamap
ebga,el bagre
karu,karup
ktla,kitale
mine,mineralnye vody
suna,hailey
boia,boise
rkda,rockland
ctna,cooktown
ryka,rahim yar khan
hisa,hayman island
jnna,nanortalik
tbza,tabriz
cipa,chipata
czsa,cruzeiro do sul
bkya,bukavu
cjnz,jinzhou
cosa,colorado springs
noja,nojabrxsk
cjsa,ciudad juarez
vork,vorkuta
kvca,king cove
tzla,tuzla
chsn,zhoushan
geta,geraldton
mgfa,maringa
ugca,urgench
psga,petersburg
stut,stuttgart
dmma,dammam
lbva,libreville
irup,rupsi
tiva,tivat
pmca,puerto montt
bvha,vilhena
asba,ashgabat
tetu,tetuan s. ramel
oreb,orebro
hasa,hail
acra,araracuara
mohe,mohe
ulkc,lensk
lasa,las vegas
chek,heihe
bwaa,bhairawa
donc,doncaster
katn,kaitaia
lyon,lyon
uina,quincy
zlta,la tabatiere
mali,mali losinj losinj
wtla,tuntutuliak
zfna,tulita  fort norman
agua,aguascalientes
waaa,wales
ttqa,tortuquero
gwda,gwadar
sera,seymour
bufa,buffalo
ywja,deline
goma,goma
argo,argostoli
katu,katugastota
iixd,allahabad
xeqa,tasiuasaq
akrb,akron
flda,fond du lac
cjmu,jiamusi
lcha,lake charles
tlya,plastun
nntt,nan
uoli,buol
ccma,criciuma
ronn,ronneby
atma,altamira
itcr,tuticorin
clzh,liuzhou
jqaa,qaarsut
awaa,awassa
omcp,ormoc
neer,ittoqqortoormiit
braa,barreiras
txfa,teixeira de freitas
iria,iringa
fmia,kalemie
kawm,kawthaung
mhka,manhattan
cjuz,juzhou
paro,paros
orua,oruro
vise,viseu g. lobato
baka,baku
cija,cobija
aaya,al ghaydah
antw,antwerp
pbia,west palm beach
tamp,tampere
aypa,ayacucho
srya,sary
qrwa,warri
ckry,karamay
iudr,udaipur
eaaa,eagle
stcb,st cloud
phxa,phoenix
aqpa,arequipa
elsa,east london
jueo,kumejima
hfda,hartford
gnua,goodnews bay
cinc,yinchuan
hknp,hoskins
daca,dhaka
hiba,hibbing
kazi,north halmahera (kau)
cvja,cuernavaca
ywla,williams lake
feca,feira de santana
wcaa,castro
bill,billund
dlha,duluth
ppla,phaplu
ayqa,mutitjulu
kirp,kirovsk
vela,vernal
iama,in amenas
xsba,`aw%u0101f%u012B
sapa,san pedro sula
mgzm,myeik
jina,jinan
aarh,aarhus
sdqa,santo domingo
gbzn,great barrier island
snca,salinas
ckow,ganzhou
zfma,fort mcpherson
mlua,monroe
mtya,monterrey
adua,ardabil
ktgi,ketapang
scea,state college
tlua,tolu
mgma,montgomery
veea,venetie
bexi,beziers
yhka,gjoa haven
choa,charlottesville
muns,munster
bsca,bahia solano
rdda,redding
tsva,townsville
krsa,kristiansand
rjha,rajshahi
pmza,palmar
thqa,tianshui
ssga,malabo
lodz,lodz
bbaa,balmaceda
nata,natal
cdta,castellon de la plana
emda,emerald
jbra,jonesboro
ibea,ibague
caog,anshan
rgla,rio gallegos
stmb,santarem
kqaa,akutan
pmrn,palmerston north
tyla,talara
moba,mobile
inag,nagpur
adle,sochi
tamb,tambov
jqea,jaque
tmua,tambor
rost,rostock
diea,antsiranana
cbsd,baoshan
heva,huelva
kdii,kendari
bard,bardufoss
kiya,kilwa
czua,corozal
ymma,fort mcmurray
cair,cairo
nyaa,nyagan
gsta,gustavus
saqa,san andros
mila,milan
nqua,nuqui
dara,dar es salaam
yuta,repulse bay
stor,stornoway
dort,dortmund
siti,sitia
ckwl,guilin
unnt,ranong
koea,kupang
laua,lamu
dama,damascus
ukaa,ukunda
tlea,tulear
jhwa,jamestown
siva,sivas
ynea,norway house
cjla,chitral
raha,rafha
raia,praia
mmza,maimana
awza,ahwaz
hotb,hot springs
cerw,chernovtsy
sisa,sishen
tsea,astana
jnsa,narsaq
lbna,lake baringo
yxna,whale cove
epin,epinal mirecourt
laco,la coruna
syja,sirjan
salz,salzburg
qbca,hagensborg
ekat,ekaterinburg
rtii,roti
clzo,luzhou
yaoa,yaounde
gdqa,gondar
fran,frankfurt
ycla,carleton
mmea,durham
nrei,namrole
ntxi,natuna ranai
jija,jijiga
misk,miskolc
jkuh,kushiro
hlib,branson
hkba,healy lake
vpsa,valparaiso
pgki,pangkalpinang
sjla,sao gabriel
viln,vilnius
cuza,cuzco
ynpa,nain
jntq,wajima
pzoa,ciudad guayana
wtka,noatak
mofi,maumere
cyzy,zhangye
kken,kerikeri
elat,eilat
cuua,chihuahua
bris,bristol
vnxa,vilanculos
jhma,kapalua
kaka,kakamega
mhda,mashhad
yxya,whitehorse
bzva,brazzaville
staw,stavropol
iblr,bengaluru
yzsa,coral harbour
aina,wainwright
vlsv,valesdir
slla,salalah
tlja,takotna
trko,tarko-sale
kirk,kirkenes h�ybuktmoen
odyl,muang xay
ueta,quetta
kova,kokshetau
brag,braganca
brau,braunschweig
cjja,cheongju
rora,koror
epra,esperance
kars,kars
ohha,okha
llei,lleida
prht,phrae
sfha,san felipe
chaa,chattanooga
jsdj,sendai
agad,agadir
irma,igrim
cfuo,fuoshan
igga,igiugig
wroc,wroclaw
rera,retalhuleu
myua,mekoryuk
cbra,canberra
wgaa,wagga wagga
tuon,taupo
cgaa,craig
wmba,warrnambool
keza,kelaniya
jaxt,akita
belh,belgorod
dofa,dora bay
borl,borlange dala
ppqn,paraparaumu
kbrm,kota bharu
mnha,minneriya
tdda,trinidad
savo,savonlinna
chia,chicago
fmna,farmington
salb,san salvador
diqa,divinopolis
ukup,nuku
cfyn,fuyun
erca,tymbou
lahi,labuha
yyga,charlottetown
rsua,yeosu
buqa,bulawayo
lsap,losuia
kmua,kismayu
grra,grand rapids
ipbd,porbandar
auca,arauca
ulna,ulaanbaatar
ysya,sachs harbour
kpba,point baker
yxta,terrace
lori,lorient
bfla,bakersfield
yzta,port hardy
cdig,diqing
jafa,jaffna
cgia,cape girardeau
kkaa,koyuk
mfra,medford
ywba,kangiqsujuaq
ukga,ust-kuyga
rkta,ras al khaimah
tdka,taldy-kurgan
sbta,san bernardino
tbli,tbilisi
twba,toowoomba
marj,mariehamn
gdva,glendive
mcwa,mason city
sgua,saint george
ntya,sun city
ygka,kingston
bhra,bharatpur
tang,tangier
cshf,shanhaiguan
lvpa,lavan
lisb,lisbon
anta,antalya
crpa,corpus christi
plna,pellston
znza,zanzibar
khab,khabarovsk novy
sgqi,sanggata
kiev,kiev
skza,sukkur
nuia,nuiqsut
mjma,mbuji mayi
pqia,presque isle
lmnm,limbang
altf,altenrhein
guca,gunnison
kera,kerman
bord,bordeaux
ibho,bhopal
gomb,gombe
stia,santiago
fiza,fitzroy crossing
kvgp,kavieng
ygha,fort good hope
igra,iguazu
nboa,nairobi
odes,odessa
mqxa,makale
htta,huatugou
cuca,cucuta
cmka,nkopola
atta,atmautluak
nant,nantes
buxa,bunia
mwza,mwanza
cfug,fuyang
hava,havana
jaoj,aomori
cgpa,chittagong
nrra,roosevelt roads
suvf,suva
cebp,cebu
naja,nakhichevan
goha,nuuk
noto,notodden
gloa,gloucester
ybba,kugaaruk
luqa,luqa
ddca,dodge city
hhqt,hua hin (prachuap khiri khan)
bkqa,blackall
wasa,washington
haug,haugesund
ipav,potnarvin
swoa,stillwater
lgsa,malargue
bdpa,bhadrapur
sysa,suncheon
ckya,conakry
lptt,lampang
ymoa,moosonee
jtks,tokushima
cbla,ciudad bolivar
mmha,mammoth lakes
yaza,tofino
lyrl,longyearbyen
jega,aasiaat
jana,jackson
ccsa,caracas
leqa,sennen
pant,pantelleria
cupa,carupano
eind,eindhoven
syda,sydney
fogg,foggia gino lisa
ksna,kostanay
hoxm,homalin
kpva,perryville
ijdh,jodhpur
vaga,varginha
atka,atqasuk
ufai,ufa
rdva,red devil
koua,koulamoutou
lfwa,lome
rosa,rosario
fbda,faizabad
sata,san antonio
nahi,naha
hgup,mount hagen
cema,central
stav,stavanger
trol,trollhattan
zyla,sylhet
husa,husavik
cfoc,fuzhou
peri,perigueux
pina,parintins
ycsa,chesterfield inlet
ktkp,kanua
roer,roervik ryumsjoen
chok,chokurdah
cheb,cheboksary
gyaa,guayaramerin
lima,lima
baua,bauru
pont,ponta delgada
yrba,resolute
ebla,erbil
hbaa,hobart
mfma,macau
hagf,hagfors
tvym,dawe
sssp,siassi
cmia,champaign
merz,merzifon
peve,pevek
bton,machang
spda,saidpur
aber,aberdeen
sqsa,san ignacio
ohot,ohotsk
pspa,palm springs
cjng,jining
rooa,rondonopolis
chel,chelyabinsk
ibdq,vadodara
soma,san tome
tkgi,bandar lampung
ulan,ulan-ude
pumi,pomala
prit,pristina
mcta,muscat
pauu,pau
iwku,iwakuni
vcva,victorville
ytqa,tasiujuaq
nabe,naberevnye chelny
maoa,manaus
lema,le mans
larn,larnaca
nzha,manzhouli
bboa,berbera
lshm,lashio
orza,orange walk
ceca,crescent city
thlm,tachilek
vilh,vilhelmina sagadal
visb,visby
alga,algiers
zcoa,temuco
tyoa,tokyo
helt,helsingborg
arxn,arxan
tstt,trang
yswa,salluit
anaa,anaheim
ibhj,bhuj
bzya,beltsy
faya,fayetteville
bzna,bozeman
skba,basseterre
ustk,ust-kut
perp,perpignan
zago,zagora
nfoa,mata`aho
iixs,silchar
elia,elim
zuri,zurich
orha,worcester
gmaa,gemena
qcua,akunnaaq
shva,shreveport
yaca,cat lake
hroa,harrison
clea,cleveland
inve,inverness
yhoa,hopedale
lbji,labuan bajo
yama,sault ste marie
ctsn,tianjin
vpya,chimoio
tuka,turbat
athe,athens
ckba,clarksburg
teaa,tela
satu,satu mare
nqna,neuquen
vsaa,villahermosa
orad,oradea
peua,puerto lempira
cdva,cordova
arax,araxos
kaea,kake
laop,laoag
vvca,villavicencio
opsa,sinop
znea,newman
hara,harrisburg
yuda,umiujaq
unda,kunduz
gcka,garden city
gyua,guyuan
yuxa,hall beach
sjta,san angelo
kima,kimberley
mjna,majunga
bydg,bydgoszcz
cgki,jakarta
igay,gaya
tjgi,tanjung warukin
cxic,xichang
crkp,angeles
hyla,hollis
vgnp,vigan
xbea,bearskin lake
smra,santa marta
dinv,dien bien phu
htsa,ashland
hema,hemavan
hcra,holy cross
gsma,gheshm
tija,tijuana
peca,pelican
ylca,kimmirut  lake harbour
gjog,gjogur
dsda,la desirade
jmsj,misawa
klla,levelock
droa,durango
parm,parma
ungp,kiunga
pqcv,phu quoc
dsma,des moines
tngs,tangshan
pdxa,portland
piua,piura
yrla,red lake
mnga,maningrida
bkmm,bakalalan
porw,portimao
meda,madinah
riba,riberalta
lspa,las piedras
ptha,port heiden
cgmp,mambajao
idiu,diu
cszx,shenzhen
zara,zaragoza
yqua,grande prairie
ytsa,timmins
bsta,bost
lura,wevok
kuam,kuantan
cynz,yancheng
myaa,moruya
bron,bronnoysund bronnoy
bgwa,baghdad
fnta,flint
kast,kastoria aristotlis
mlgi,malang
kith,kithira
huxa,huatulco
maza,mayaguez
tpaa,tampa
cbpx,bangda
lekn,leknes
auka,alakanuk
sdta,saidu sharif
lamp,lampedusa
juba,juba
trki,tarakan
yqla,lethbridge
ovsb,sovetsky
pbza,plettenberg bay
varn,varna
hota,hotan
tbta,tabatinga
zala,valdivia
txka,texarkana
gcha,gachsaran
fata,fresno
tria,kingsport
bhha,bisha
live,liverpool
twum,tawau
hgoa,korhogo
mari,maribor
itha,ithaca
mgba,mount gambier
dlaa,douala
yuba,tuktoyaktuk
knxa,kununurra
ybga,la baie
puba,pueblo
uyla,nyala
bdha,bandar lengeh
ppea,puerto penasco
skda,samarkand
ppga,pago pago
dbaa,dalbandin
fara,fargo
ccpa,concepcion
poly,udachnyy
tkea,tenakee springs
gsra,gardo
edin,edinburgh
yuya,rouyn
kyzy,kyzyl
tjsi,tanjung selor
knka,kakhonak
sili,silistra
iixl,leh
piaa,peoria
wrla,worland
palm,palma
axma,armenia
crlk,balhai
kris,kristianstad
iimf,imphal
vaka,chevak
ykqa,waskaganish
sohg,sohag
tlha,tallahassee
graz,graz
igar,igarka
rode,rodez
fnaa,freetown
lupa,kalaupapa
joen,joensuu
vyia,vilyuysk
cczx,changzhou
clcx,longyan
ketm,keng tung
lyxa,lydd
mcna,macon
zkpc,zyryanka
msna,madison
cnxt,chiang mai
flna,florianopolis
wpra,porvenir
rtba,roatan
ozcp,ozamis city
cjaa,cajamarca
ghaa,ghardaia
foda,fort dodge
plja,placencia
hdsa,hoedspruit
tmwa,tamworth
luga,lugano
pdaa,puerto inirida
dfwa,dallas
qsia,moshi
gyma,guaymas
vdza,valdez
sita,sitka
bjta,bentota river
usty,velikij ustyug
joir,okushiri
fezs,fes
popr,poprad
nery,neryungri
limo,limoges
zkga,kegashka
jhna,hanamaki
suya,suntar
hnma,hana
cpxa,culebra
ijrh,jorhat
honn,honningsvag valan
enei,ende
aksa,auki
pozn,poznan
winb,winnipeg
ppva,port protection
nyka,nanyuki
czha,zhanjiang
bria,briansk
kwza,kolwezi
kitt,kittil�
csyx,sanya
fkqi,fak fak
lwei,lewoleba
blva,belleville
eeka,eek
ddua,dadu
baia,baia mare
pyca,playon chico
jygj,yonago
waea,farah turayb
bhia,bahia blanca
emka,emmonak
rgaa,rio grande
gron,groningen
bcdp,bacolod
cwuz,wuzhou
caqa,caucasia
hort,horta
shak,shakhtyorsk
bres,brest
jkoj,kagoshima
elga,el golea
khht,kaohsiung
magn,magnitogorsk
yqza,quesnel
pnsa,pensacola
mlka,malta
irpr,raipur
clxa,lhasa
mbtp,masbate
poaa,porto alegre
osij,osijek
iqqa,iquique
rsda,rock sound
itir,tirupati
kjha,kaili
cwnz,wenzhou
gpia,guapi
zmta,masset
kudm,kudat
acda,acandi
gzoa,gizo
ndua,rundu
pema,puerto maldonado
icta,wichita
rotn,rotorua
mela,melbourne
newq,newquay
hphv,haiphong
pppa,proserpine
bilb,bilbao
luxo,luxor
sela,seoul
dgea,mudgee
cdlc,dalian
doha,doha
boda,bodaybo
irpa,isiro
yioa,pond inlet
lkhm,long akah
sama,samara
tyra,tyler
nnxi,nunukan
nkca,nouakchott
dumi,dumai
ckxa,chicken
fiha,kinshasa
tboa,tabora
abqa,albuquerque
szeg,szeged
svpa,kuito
tizp,tari
dund,dundee
clva,caldas novas
htia,hamilton island
umea,umea
adea,aden
kher,kherson
caea,columbia
kgta,kangding
akna,king salmon
vero,verona
lwym,lawas
edaa,edna bay
elpa,el paso
smxa,santa maria
kato,katowice
cmaa,cunnamulla
myti,mytilene
atla,atlanta
karp,karpathos
figa,figari
tbna,fort leonard wood
gnit,green island
rgka,gorno-altaysk
uala,luau
piha,pocatello
texa,telluride
lala,lakeland
resa,resistencia
bcaa,baracoa
blag,blagoveschensk
doua,dourados
fbma,lubumbashi
adqa,kodiak
cava,an shun
chrb,harbin
skel,skelleftea
nava,nevsehir
iknu,kanpur
paph,paphos
keba,nanwalek
nnla,nondalton
tggm,kuala terengganu
popa,puerto plata
vdca,vitoria da conquista
luvi,langgur
lyha,lynchburg
sbaa,santa barbara
taba,tabarka
yvca,la ronge
deau,deauville st. gatien
ckca,kuqa
mcma,monte carlo
hofa,al huf%u016Bf
lbfa,north platte
nogl,nogliki
gisn,gisborne
vtua,las tunas
tkda,takoradi
mcya,sunshine coast
oaga,orange
kiva,chisinau
cnqa,corrientes
hvba,hervey bay
mdea,medellin
thxa,turukhansk
ccan,guangzhou
chfe,hefei
kulm,kuala lumpur
aoea,eskisehir
wmxi,wamena
clya,luoyang
hnla,honolulu
lswi,lhoksumawe
bern,bern
shah,shahroud
tmxa,timimoun
lmta,klamath falls
sanj,faj� de santo amaro
pade,paderborn
raba,rabat
ntna,normanton
ynga,youngstown
skir,skiros
cpta,cape town
ided,dehradun
seba,sebha
cort,crotone
igop,gorakhpur
ubaa,uberaba
mima,merimbula
kydt,ting-hsing-nung-chuang
camp,campbeltown
yqca,quaqtaq
sumb,sumburgh
cchg,chaoyang
kinn,kinna
cmdg,mudanjiang
iana,kiana
kpna,kipnuk
obna,oban
lana,lansing
kmoa,manokotak
baca,bacau
caat,altay
lkai,larantuka
idib,dibrugarh
jdoa,juazeiro do norte
srqa,sarasota
bwxa,blimbingsari
sbna,south bend
mard,mardin
tjqi,belitung (tanjung pandan)
zhou,lianhe
oala,cacoal
gada,gdansk
jiba,djibouti
syra,syracuse
cnny,nanyang
klwa,klawock
kaza,kazan
kdla,kardla
pkra,pokhara
orlb,orlando
asoa,asosa
toul,toulon
joke,nishibaru
neul,sam neua
geno,genoa
ynya,yangyang
iixe,mangalore
ymqa,montreal
taza,dashoguz
tvfa,thief river falls
bsga,bata
jhsg,saga
ewna,new bern
leba,lebanon
afaa,san rafael
yeia,bursa
sdkm,sandakan
hmoa,hermosillo
ylla,lloydminster
pale,palermo
usrc,ust-nera
mxla,mexicali
piza,point lay
aiya,atlantic city
gmea,gomel
mama,matamoros
krit,kristiansund
bpsa,porto seguro
mkka,hoolehua
stla,st louis
tbbv,tuy hoa
kaja,kajaani
karn,karlovy vary
chld,hailar
crmp,catarman
muni,munich
hrla,harlingen
btia,kaktovik
cluz,lublin
aalb,aalborg
yeha,asaloyeh
bhga,brus laguna
kalm,kalmar
slqa,sleetmute
vlva,valera
pusa,busan
makh,makhachkala
riwa,riverton
btta,bettles
dgaa,dangriga
dhia,dhangarhi
mgaa,managua
kfsa,kastamonu
ggta,george town
maga,magadan
west,westerland
ykla,schefferville
esma,esmeraldas
logr,logrono
afla,alta floresta
luwi,banggai (luwuk)
chxa,changuinola
azoa,kalamazoo
tiii,tembagapura
cmxz,meizhou
oska,oskarshamn
jrfa,kapolei
ekoa,elko
ogxa,ouargla
sdpa,sand point
lbsf,labasa
jfks,fukushima
jixi,jixi
ipny,puducherry
ccgo,zhengzhou
tgpa,podkamennaya tunguska
kuva,gunsan
hdga,handan
dubr,dubrovnik
srna,strahan
lwna,gyoumri
ppsp,puerto princesa
tira,tirana
yaro,yaroslavl
arca,arctic village
blba,balboa
nlda,nuevo laredo
rvda,rio verde
erzi,erzincan
isea,isparta
kurs,kursk
iaga,niagara falls
mtwa,manitowoc
lapp,lappeenranta
lnev,lonorore
ccvv,fali
cbav,baotou
pzha,zhob
marb,maracaibo
oste,ostersund
ycda,nanaimo
shig,shigatse
llga,chillagoe
wwkp,wewak
orfa,norfolk
gbda,great bend
cpda,coober pedy
ygva,havre st pierre
bkwa,beckley
klag,klagenfurt
leto,le touquet paris plag
agsa,augusta
rome,rome
wnra,windorah
rmaa,roma
lank,lankaran
ktfn,takaka
pvda,providence
nusv,norsup
diks,dikson
tcaa,tennant creek
rgsa,burgos
wbmp,wapenamanda
suce,suceava salcea
cgba,cuiaba
gyla,argyle
azda,yazd
kays,kayseri
sevi,seville
sfla,sao filipe
funa,funafuti
uiia,utila
mpna,stanley
svol,svolvaer
atya,watertown
abda,abadan
hpga,shennongjia
wmna,maroantsetra
nyum,nyaung-u
mzla,manizales
fcaa,kalispell
ccgd,changde
iixb,bagdogra
qgqa,attu
perm,perm
akba,atka
jwna,zanjan
nzkr,karamea
ccla,chinchilla
kapa,kapanga
kuth,k�tahya
lrda,laredo
reim,reims
josa,jos
cita,shimkent
augs,augsburg
glka,galcaio
josh,joshkar-ola
crza,turkmenabad
ipta,williamsport
stna,st. nazaire montoir
tmra,tamanrasset
omsk,omsk
bsop,basco
ukht,ukhta
casu,castres mazamet
viga,el vigia
ilko,lucknow
xapa,chapeco
msea,manston
acva,arcata
onda,ondangwa
yxea,saskatoon
scya,san cristobal
orva,noorvik
curc,urumqi
blda,boulder city
mjui,mamuju
pewa,peshawar
comi,comiso
pqqa,port macquarie
mtma,metlakatla
fdfa,fort de france
rioa,rio de janeiro
jmmj,matsumoto
oaxa,oaxaca
yxxa,abbotsford
ksea,kasese
hasv,hasvik
eria,erie
yxpa,pangnirtung
troa,taree
adla,adelaide
onta,ontario
puga,port augusta
ustb,st augustine
yapa,yap
even,evenes
dpta,deputatsky
ipat,patna
chua,chuathbaluk
ande,andenes
psji,poso
ansa,andahuaylas
dplp,dipolog
lugb,lugansk
ypxa,puvirnituq
ktem,kerteh
vraa,varadero
runa,saint-denis
sarb,saratov
hamm,hammerfest
abma,bamaga
kcla,chignik
fuer,fuerteventura
psui,putussibau
kurg,kurgan
ytea,cape dorset
scoa,aktau
fona,fortuna
ceny,yan'an
ctla,charleville
rtsa,rottnest island
hgra,hagerstown
ycba,cambridge bay
podg,podgorica
yyqa,churchill
cyih,yichang
ceza,cortez
ktaa,karratha
shga,shungnak
kosk,sihanoukville
orsk,orsk
onqa,zonguldak
usaa,concord
kaaa,kasama
azra,adrar
pyya,pai (mae hong son)
valv,valverde hierro
tcqa,tacna
slka,saranac lake
zkea,kashechewan
asca,ascension
otza,kotzebue
peta,pelotas
bhza,belo horizonte
muza,musoma
ulda,ulundi
tvca,traverse city
gfka,grand forks
ijai,jaipur
cuma,cumana
phla,philadelphia
tmea,tame
wmka,meyers chuck
lfma,lamerd
clma,port angeles
amde,amderma
kaca,kameshli
fmya,fort myers
napl,naples
anad,anadyr
jica,jinchang
nytm,naypyidaw
cshp,qinhuangdao
jpaa,joao pessoa
ceit,chiang rai
gera,nueva gerona
joka,okinawa
aqja,aqaba
ilop,iloilo
vhca,saurimo
mdci,manado
gyea,guayaquil
pqta,qeqertaq
cluj,cluj-napoca
byca,yacuiba
vopn,vopnafjordur
kkia,akiachak
axaa,the valley
czla,constantine
tcoa,tumaco
prca,prescott
cnao,nanchong
ewba,fall river
omda,oranjemund
wnpp,naga
bgia,bridgetown
elma,elmira
gala,galena
iqta,iquitos
rmpa,rampart
amst,amsterdam
nhav,nha trang
arua,aracatuba
pulb,poulsbo
mtta,minatitlan
sant,santander
kiru,kiruna
busa,batumi
huea,humera
hira,honiara
malb,malatya
adfa,adiyaman
ceda,ceduna
liwm,loikaw
fmaa,formosa
kats,katsina
buza,bushehr
yxha,medicine hat
zzua,mzuzu
saca,sacramento
igua,iguassu falls
erma,erechim
twaa,twin hills
frsa,flores
vaoa,suavanao
kwka,kwigillingok
jcka,julia creek
dikw,dikwella
ajfa,sak%u0101k%u0101
sdga,sanandaj
saoa,sao paulo
caxf,alxa left banner
ipnq,pune
wagn,wanganui
paha,paducah
elva,elfin cove
lexa,lexington
uloa,ulaangom
reyk,reykjavik
voro,voronezh
ivcn,invercargill
pjma,puerto jimenez
ybca,baie comeau
iagr,agra
lglm,long lellang
cula,culiacan
ysba,sudbury
muaa,munda
ostr,ostrava
aiaa,alliance
yaqa,maple bay
beji,ulak
koaa,kona
yrta,rankin inlet
kosi,kosice
knqn,kone
manc,manchester
kass,kassel
tgca,tanjung manis
sjua,san juan
syza,shiraz
bfqa,puerto pi�a
aale,aalesund vigra
btum,bintulu
iwda,ironwood
sogn,sogndal haukasen
phoa,point hope
csaa,scalasaig
eywa,key west
idmu,dimapur
krat,krasnodar
cons,constanta kogalniceanu
rvvp,rairua
pecs,pecs
whda,hyder
irku,irkutsk
smka,st michael
ksha,kermanshah
bhqa,broken hill
berl,berlin
pcla,pucallpa
simf,simferopol
pqma,palenque
lgpp,legaspi
kalu,kaluga
yeva,inuvik
sarc,saransk
zqnn,queenstown
nady,nadym
tala,tanana
pech,pechora
grao,granada
nuaa,nuwara eliya
mbda,mmabatho
kana,kano
icdp,kadapa
phfa,newport news
pmwa,palmas
crai,craiova
guaa,guatemala city
sxpa,nunam iqua
oweb,owerri
bjma,bujumbura
mrea,mara lodges
kony,konya
mumm,marudi
tcba,blackwood village
ivns,varanasi
cyzp,cauayan
faia,fairbanks
thor,thorshofn
mirn,mirny
alpa,aleppo
kdvf,kandavu
kuus,kuusamo
akpa,anaktuvuk
auaa,oranjestad
xbja,birjand
srgi,semarang
ypca,paulatuk
kozb,ouzinkie
bbka,kasane
avla,asheville
ziel,zielona gora babimost
ivga,vijayawada
sorv,sorvagur
mjca,man
ptga,polokwane
yaxa,angling lake
yvza,pikangikum
saui,sawu
raqi,raha
lrea,longreach
yfaa,fort albany
krak,krakow
ndba,nouadhibou
ebba,entebbe
zada,zadar
cdcy,jinzhu
ctxn,tunxi
chit,chita
sork,sorkjosen
wren,whangarei
mlla,marshall
vxca,lichinga
metz,metz
ykua,chisasibi
zhon,zhongwei
scil,isles of scilly
egma,sege
lula,laurel
dlza,dalanzadgad
veni,venice
aria,arica
trra,trincomalee
yhsa,sechelt
wbba,stebbins
nula,nulato
bsaa,bossaso
dong,dong hoi
ynaa,natashquan
mppa,mulatupo
ypha,inukjuak
dakh,dakhla
zpba,sachigo lake
anap,anapa
wpua,puerto williams
mwea,merowe
loia,lontras
bnaa,nashville
auxa,araguaina
amaa,amarillo
jubj,ube
kalb,kaltag
vclv,tamky
gsoa,greensboro  high point
tuaa,tulcan
bvia,birdsville
mkga,muskegon
nasa,nassau
cjdz,jingdezhen
volp,volos
cypp,calbayog
mogm,mong hsat
rdnm,redang
ssaa,salvador
yzva,sept-iles
anca,anchorage
guwa,atyrau
sfax,sfax el maou
mkca,kansas city
barc,barcelona
lbea,latrobe
qscq,sao carlos
cdsn,dongsheng
caba,cabinda
llwa,lilongwe
sdea,santiago del estero
hunt,hualien
tapa,tapachula
jmyj,matsuyama
pori,pori
rzes,rzeszow
cshb,solovetsky
bfna,bloemfontein
boga,bogota
wuna,wiluna
msza,namibe
rnoa,reno
djji,jayapura
phba,parnaiba
myym,miri
nkia,naukati bay
losa,lagos
pagp,pagadian
looa,laghouat
mkea,milwaukee
isna,williston
gama,gambell
qmka,niaqornaarsuk
oslo,oslo
tjua,kulyab
ipgh,pantnagar
gmba,gambela
pvua,provo
mnum,maulmyine
psca,pasco
bida,block island
fora,fortaleza
iixi,north lakhimpur
rsaa,santa rosa
trap,trapani birgi
tmla,tamale
jyva,jyvaskyla
barn,barnaul
mkqi,merauke
roit,roi et
inns,innsbruck
cnkg,nanking  nanjing
tyum,tyumen
puja,punta cana
bura,burbank
tpet,taipei
newc,newcastle
gaoa,guantanamo
chzg,hanzhong
mxja,minna
czyi,zunyi
nyrc,nyurba
zema,eastmain
lsca,la serena
rdoa,radom
zvka,savannakhet
erra,errachidia
bqla,boulia
lbla,liberal
oola,gold coast
niba,nikolai
svka,silver creek
cbhy,beihai
duja,dubois
chuz,huizhou
bfca,bloomfield
mysk,mys kamennyy
lgba,long beach
lond,london
mesi,medan
agro,agri
heaa,herat
yyba,north bay
ukka,ust-kamenogorsk
kwna,quinhagak
tmci,tambolaka
akln,auckland
luda,luderitz
pdsa,piedras negras
cntg,nantong
kgka,new koliganek
cenh,enshi
murc,murcia
ybra,brandon
trie,trieste
upna,uruapan
qfia,iginniarfik
qaba,qabala
iccu,kolkata
sxki,saumlaki
mypa,mary
vien,vienna
kdua,skardu
hdyt,hat yai (songkhla)
eypa,el yopal
afza,sabzevar
fspa,st pierre
ykma,yakima
kmea,kamembe
zhan,zhangjiakou
aley,alexandroupolis dimokritos
ivan,ivano-frankovsk
vall,valladolid
uela,quelimane
gssa,sabi sabi
fage,fagernes valdres
atda,atoifi
rbya,ruby
vqsa,vieques
penz,penza
bvba,boa vista
bksi,bengkulu
gega,spokane
ilma,wilmington
sjca,san jose
beua,bedourie
mlwa,monrovia
lama,los alamos
cwus,wuyishan
narv,narvik framnes
enua,enugu
ihyd,hyderabad
pdba,pedro bay
czuh,zhuhai
ckda,crooked creek
adza,san andres island
tcla,tuscaloosa
gjla,jijel
baza,barbelos
akym,sittwe
vtel,vientiane
laro,la rochelle
crca,cartago
kada,kaduna
drba,derby
bmia,colonial meadows
snba,gribbles settlement
ulza,uliastai
qjia,ikamiut
ljub,ljubljana
cjiu,jiujiang
rott,rotterdam
reca,recife
stos,stord
qpwa,kangaatsiaq
flla,fort lauderdale
cyit,chiayi
alda,aldan
dura,durban
gkap,goroka
hrea,harare
chat,chateauroux
ggga,gladewater
leaa,learmonth
lxgl,luang namtha
srza,santa cruz
ckmg,kunming
enon,enontekio
cpoa,copiapo
bgma,binghamton
fsma,fort smith
frua,bishkek
akra,akure
cdax,daxian
vila,vila real
errb,errol
mold,molde aro
dvla,devils lake
acza,zabol
aqia,qaisumah
pets,petropavlovsk-kamchats
cxfn,xiangfan
miua,maiduguri
yopa,rainbow lake
twfa,twin falls
ywya,wrigley
arka,arusha
cjzh,song pan
mdqa,mar del plata
pptp,papeete
mnca,nacala
yerb,yerbogachen
bhva,bahawalpur
myda,malindi
tupa,tupelo
szya,szymany
kali,kaliningrad
jshb,nakashibetsu
lnsa,lancaster
gbta,gorgan
leip,leipzig
loha,loja
ylwa,kelowna
lmaa,lake minchumina
sgya,skagway
diya,diyarbakir
idaa,idaho falls
ouza,zouerate
pava,paulo afonso
unia,union island
sgfa,springfield
hgda,hughenden
saar,saarbruecken
mora,mora
buwi,baubau
buga,benguela
laep,lae
puea,puerto obaldia
daup,daru
ania,aniak
anka,ankara
fsda,sioux falls
taea,daegu
essa,essaouira
mdup,mendi
func,madeira
lrra,lar
jsta,johnstown
ikuu,kulu
omaa,omaha
cweh,weihai
khar,kharkov
sale,salehard
most,mostar
flot,floro
card,cardiff
irka,kirksville
tant,tan tan
pmla,port moller
ckrl,korla
hoga,holguin
yjta,stephenville
yuzh,yuzhno-sakhalinsk
pnta,puerto natales
elis,elista
swvb,evensk
hvna,new haven
bild,bildudalur
cctu,chengdu
bmea,broome
toze,tozeur
rtgi,ruteng
ctgo,tongliao
muna,maturin
kbca,venetie landing
sppa,menongue
dala,dalaman
byka,bouake
jttj,tottori
tgta,tanga
vani,van
sgoa,st george
alsa,alamosa
biar,biarritz
cdra,chadron
brin,brindisi
ndya,kettletoft
cwua,wu hai
lour,lourdes
mota,minot
jmbe,monbetsu
jlna,joplin
ynba,yanbu
cxfa,coldfoot
cjhg,jinghong
akxa,aktobe
yyta,st john's
yera,fort severn
cola,clabhach
skop,skopje
raoa,ribeirao preto
umsa,ust-maya
gaxa,gamba
duta,dutch harbor
todm,kampung tekek
brno,brno
ezva,berezovo
smsa,sainte marie
yelb,yellowknife
base,basel
cmxa,hancock
esda,eastsound
wrya,pierowall
tlca,toluca
dlga,dillingham
yyfa,penticton
bkoa,bamako
chio,chios
xmsa,macas
mann,mannheim
bska,biskra
glfa,golfito
clra,calipatria
egea,vail
penm,penang
bpta,beaumont
ytla,big trout
ygga,ganges harbor
nott,nottingham
aeta,allakaket
oren,orenburg
bast,bastia - corsica
mcea,merced
glxi,galela
praa,parana
lipe,lipetsk
wlka,selawik
iixr,ranchi
khsa,khasab
ausa,austin
asva,amboseli
trab,trabzon
dena,denver
ewei,ewer
iatq,amritsar
sgnv,ho chi minh city
irca,circle
jtak,takamatsu
jobo,obihiro
zuma,churchill falls
aeua,abu musa
ooka,toksook bay
goua,garoua
slpa,san luis potosi
gabe,gabes
cica,chico
bras,bratislava
tnoa,tamarindo
kuta,kutaisi
kwfa,waterfall
vpea,ongiva
yska,sanikiluaq
suta,sumbawanga
jkra,janakpur
glva,golovin
cana,canakkale
frwa,francistown
pula,pula
bxup,butuan
odnm,long seridan
ibiz,ibiza
imaa,chennai
abta,al-baha
cahv,ca mau
bole,bole
pipa,pilot point
ccna,chakcharan
cjjn,jinjiang
tors,torsby fryklanda
lnoa,leonora
alwa,walla walla
ulga,ulgit
fsza,shizuoka
pkyi,palangkaraya
mbia,mbeya
pory,porto santo
ypya,fort chipewyan
chet,hohhot
lioa,limon
mqta,marquette
cfka,chlef
rssa,roseires
kala,kalamata
kirq,kirov
cyiw,yiwu
sgxa,songea
ista,istanbul
pdta,pendleton
kwia,kuwait
nvaa,neiva
npoi,nangapinoh
jogi,yogyakarta
rica,richmond
tkja,tok
sdfa,louisville
moua,mountain village
aixe,aix en provence
jcha,qasigiannguit
cmha,columbus
lada,luanda
hoel,houeisay
czea,coro
wmoa,white mountain
cork,cork
gafs,gafsa
bnsa,barinas
hkga,hong kong
bjxs,silao
nbsa,baishan
kpwa,keperveyem
dqaa,daqing
cyhy,hay river
jngo,nagoya
tuua,tabuk
ckwe,guiyang
cbga,cambridge
lzya,bayi zhen
ziga,ziguinchor
mfea,mcallen
orna,oran
evna,yerevan
kbla,kabul
tous,toulouse
sdda,lubango
ktsa,teller mission
chny,hengyang
bwga,bowling green
norr,tornby
ktba,thorne bay
iccj,kozhikode
ivao,ivanova
gurp,alotau
samb,el catey
okca,oklahoma city
pxuv,pleiku
bade,baden-baden
luaa,lukla
quea,queretaro
byoa,bonito
aooa,martinsburg
vrcp,virac
llia,lalibela
rela,trelew
aaxa,araxa
pafa,pakuba
vale,valencia
ytha,thompson
mkwi,manokwari
loka,lodwar
glas,glasgow
cler,clermont-ferrand
bena,benghazi
dres,dresden
zagr,zagreb
ydaa,dawson city
kgla,kigali
hmea,hassi messaoud
hgaa,hargeisa
nary,naryan-mar
jaua,jauja
owba,owensboro
mvda,montevideo
mbja,montego bay
srii,samarinda
tnnt,tainan
rimi,rimini
dmba,zhambyl
itrz,tiruchirapalli
khda,khorramabad
bdoi,bandung
tacp,tacloban
noun,noumea
humb,kirmington
utta,umtata
rjna,rafsanjan
prev,preveza
blja,batna
mmma,middlemount
beli,belgrade
puwa,pullman
jkkj,kita kyushu
toga,togiak village
sjpa,sao jose do rio preto
jyra,jiroft
bkza,bukoba
bzea,belize city
ptxa,pitalito
ctga,cartagena
usna,ulsan
ishl,shillong
ssia,brunswick
bmba,bumba
eata,wenatchee
bkkt,bangkok
wysa,west yellowstone
joma,njombe
kram,kramfors
ydfa,deer lake
bgfa,bangui
mdza,mendoza
szka,skukuza
cgyp,cagayan de oro
fwaa,fort wayne
ziha,ixtapa  zihuatanejo
unka,unalakleet
hamb,hamburg
brus,brussels
phca,port harcourt
knoc,knock
ulpa,quilpie
tama,tampico
seua,banagi
kota,kotlik
pkea,parkes
cfsa,coffs harbour
bour,bournemouth
msla,muscle shoals
bffa,scottsbluff
nraa,narrandera
toba,tobruk
ptpa,pointe-a-pitre
bxra,bam
mgqa,mogadishu
cnja,cloncurry
link,linkoping
yyya,mont joli
sava,savannah
cshe,shenyang
xtga,thargomindah
wwta,newtok
yaya,st anthony
ghta,ghat
ygwa,kuujjuarapik
ytma,mont tremblant
ohri,ohrid
yeaa,edmonton
jgoa,qeqertarsuaq
musi,mus
ctda,chitre
csym,simao
ltoa,loreto
kcta,koggala
olha,old harbor
tipa,tripoli
esbj,esbjerg
elba,pila
petr,petrozavodsk
rcha,riohacha
mxhp,moro
rosu,rost
auri,aurillac tronquiere
rasb,rasht
riha,rio hato
lcea,la ceiba
chyn,huangyan
viiv,vinh city
kiep,kieta
dbqa,dubuque
cxil,xilinhot
moqa,morondava
anua,saint john's
drga,deering
urtt,surat thani
cqda,shahre-kord
mara,lamezia terme
mjka,monkey mia
milu,milanau
lepu,le puy loudes
toms,tomsk
cacx,xingyi
xqpa,quepos
cpqa,campinas
yang,yangzhou
tusa,tucson
miko,mykonos
jpra,ji-parana
mlea,male
tnka,tununak
seaa,seattle
yhaa,port hope simpson
brda,brainerd
bosa,boston
yeka,arviat
wyka,wyk auf foehr
grja,george
irjb,la rioja
cdlu,dali city
ntii,bintuni
ciza,coari
kvma,markovo
aspa,alice springs
xboa,boulsa
asua,asuncion
derr,derry
yvpa,kuujjuaq
kokk,kokkola  pietarsaari kruunupyy
corf,corfu
mzta,mazatlan
sugp,surigao
jmmd,minami daito
drab,drake bay
saxa,sambu
jhbm,johor bahru
pvra,puerto vallarta
dina,dinard
ftua,fort dauphin
sala,salamanca
abxa,albury
kgca,kingscote
alho,al hoceima
inha,inhambane
shxa,shageluk
gtfa,great falls
monb,moncton
iixu,aurangabad
lypa,faisalabad
pjga,panjgur
sveg,sveg
pnza,petrolina
cgoq,golmud
gnsi,gunungsitoli
jngs,nagasaki
maba,maraba
hjja,huai hua
kasu,kastelorizo
chak,haikou
yowa,ottawa
avig,avignon
gero,gerona
ogga,kahului
thua,pituffik
ipna,ipatinga
ecia,rivas
bgjy,batagay
cfyj,fuyuan
vala,valenca
kmsa,kumasi
slia,slia%u010D
ihra,iran shahr
ihbx,hubli
nsha,now shahr
itba,itaituba
ymna,makkovik
jgaj,yamagata
msya,new orleans
isaf,isafjordur
scza,lavaka
btva,burlington
svsa,stevens village
slwa,saltillo
ibom,mumbai
laqa,beida
nams,namsos
pgsa,peach springs
swta,strzhewoi
tjaa,tarija
magp,madang
wszn,westport
mosj,mosjoen kjaerstad
papa,port au prince
yqfa,red deer
raea,arar
ruje,rijeka
pcra,puerto carreno
adoa,andamooka
sjda,san jose cabo
teea,tbessa
sibi,sibiu
iila,ilaam
gjta,grand junction
mraa,misurata
thea,teresina
tkqa,kigoma
nisi,nis
tlaa,teller
ibbi,bhubaneswar
yfsa,fort simpson
dijo,dijon
kwma,kowanyama
brca,san carlos debariloche
arkh,arkhangelsk
ccsx,changsha
spli,split
alme,almeria
lfta,lafayette
jonj,odate noshiro
gnaa,grodna
terc,terceira lajes
lsea,la crosse
linz,linz
lola,lovelock
tffa,tefe
aoul,attopeu
cora,cordoba
jfuj,fukue
omha,urmieh
zcla,zacatecas
bewa,beira
kwta,kwethluk
sanc,santiago de compostela
onkc,olenyok
yata,attawapiskat
uiba,quibdo
flaa,florencia
bmui,bima
lill,lille
cksa,carajas
jnba,johannesburg
skta,sialkot
daba,daytona beach
itoa,hilo
chsa,charleston
cixa,chiclayo
imta,iron mountain
bira,biratnagar
edla,eldoret
rdma,redmond
sjea,san jose del gua
tulb,tulsa
auha,abu dhabi
buna,buenaventura
tire,fidden
cgra,campo grande
axka,ataq
isxr,srinagar
zseb,saint-pierre
hhha,hilton head
lira,liberia
hcqa,halls creek
tmta,curral velho
vrba,vero beach
zwla,wollaston lake
ygxa,gillam
dwda,ad daw%u0101dim%u012B
kmna,kamina
dubl,dublin
lbum,labuan
cida,cedar rapids
bnia,benin city
vads,vadso
fega,fergana
kgaa,kananga
peia,pereira
rcea,roche harbor
yqga,windsor
htma,khatgal
lpql,luang prabang
pkui,pekanbaru
gren,grenoble
mspa,minneapolis
bnda,bandar abbas
kxaa,kasaan
kdha,kandahar
hamt,hambantota
hkkn,hokitika
hona,huron
cast,castletown
rvta,ravensthorpe
cerv,cherskiy
zbla,biloela
rsta,rochester
ypja,aupaluk
sane,sandnessjoen
sxza,siirt
pkba,parkersburg
tysa,knoxville
utht,udon thani
jjga,jaguaruna
lara,laramie
rapa,rapid city
fbsa,friday harbor
cysa,cheyenne
mmga,mount magnet
tifa,taif
ernh,erenhot
atwa,appleton
cwxn,wanxian
krwa,turkmenbashi
iluh,ludhiana
ptka,pontiac
auwa,wausau
mbla,manistee
iosa,ilheus
bxha,balhash
szea,semera
cdca,cedar city
regg,reggio calabria
hyaa,hyannis
mcka,mccook
kgfa,karaganda
vdma,viedma
nlga,nelson lagoon
cllb,libo county
lkya,lake manyara
yuma,yuma
murm,murmansk
bmvv,banmethuot
pdpa,punta del este
mcza,maceio
ypka,pitt meadows
novy,novy urengoy
volh,volgograd
vfaa,victoria falls
fkia,kisangani
spya,san pedro
bela,belem
eyka,beloyarsky
shiq,shiquanhe
dzna,zhezkazgan
ktna,ketchikan
bats,batsfjord
bjba,bojnord
buda,budapest
mrza,moree
jris,rishiri
osma,mosul
acaa,acapulco
iajl,aizawl
mcga,mcgrath
mida,merida
kire,kirensk
ubpt,ubon ratchathani
opup,balimo
lzra,lizard island
gibr,gibraltar
arma,armidale
lhea,lahore
snaa,santa ana
snot,sakon nakhon
wuua,wau
vpgo,vipingo
iixm,madurai
beta,bethel
cljg,lijiang city
ysga,lutselke  snowdrift
hpba,hooper bay
snwm,thandwe
krta,khartoum
yzza,trail
lrma,la romana
cgys,guang yuan
lbba,lubbock
boza,bozoum
kaba,kariba
vupa,valledupar
ckhg,kashi
slca,salt lake city
poia,potosi
kdwa,kandy
maco,maconacon
ulya,ulyanovsk
sand,sandane
inza,in salah
stoc,stockholm
ywsa,whistler
ruta,rutland
jhij,hiroshima
ybwa,bedwell harbor
ypaa,prince albert
kcca,coffman cove
mmoa,maio
upgi,makassar
pbha,paro
asma,asmara
jukb,kobe
mkzm,malacca
shan,shannon
klga,kalskag
sqtp,samarai island
kvla,kivalina
bisa,bismarck
crda,comodoro rivadavia
rcua,rio cuarto
plza,port elizabeth
nure,nuremberg
toun,touho
mkmm,mukah
pomp,port moresby
mhha,marsh harbour
kgpa,kogalym
norw,norwich
psko,pskov
yxja,fort st john
lbda,khudzhand
quim,quimper
cwuh,wuhan
doga,dongola
scma,scammon bay
ysja,saint john
doda,dodoma
pqsa,pilot station
dobi,dobo
stra,strasbourg
yaga,fort frances
barr,ersary
mqla,mildura
huua,huanuco
brma,barquisimeto
svba,sambava
lzca,lazaro cardenas
nova,huambo
dpoa,devonport
dlyv,navolou
vifa,vieste
cvma,ciudad victoria
mtsa,manzini
kpoa,pohang
caku,aksu
cwef,weifang
tasa,tashkent
pgma,port graham
obua,kobuk
poit,poitiers
gxfa,seiyun
lvoa,laverton
iasi,iasi
gfna,grafton
izmi,izmir
roaa,roanoke
alba,albany
lieg,liege
chcn,christchurch
cddg,dandong
clyi,linyi
brem,bremen
wnsa,nawabshah
fena,fernando de noronha
hoba,hobbs
tbgp,wangbin
wjua,wonju
wdsa,shiyan
groz,grozny
yyea,fort nelson
mfkt,matsu
rzra,ramsar
tghv,worafiou
fyua,fort yukon
koza,kozani
axpa,spring point
agen,agen
kcma,kahramanmaras
jeda,jeddah
jfuk,fukuoka
jkmi,miyazaki
arad,arad
sykt,syktyvkar
kbvt,krabi
alta,alta
pisa,pisa
ydqa,dawson creek
blia,bellingham
ypna,port menier
muwa,mascara
enaa,kenai
istv,surat
ywka,wabush
pmva,porlamar
dudn,dunedin
sans,san sebastian
pmaa,chake chake
aexa,alexandria
cvga,cincinnati
pmya,puerto madryn
dhna,dothan
cuyn,yulin
yqqa,comox
burg,bourgas
zixc,zhigansk
csla,san luis obispo
jere,jerez
bing,bing�l
yhra,harrington harbour
rxsp,roxas city
haqa,hanimaadhoo
rgnm,yangon
ajka,araak
zsja,north spirit lake
ybka,baker lake
mssa,massena
dkra,dakar
erna,eirunepe
naaa,narrabri
astr,astrakhan
hvda,khovd
defa,dezful
kgxa,grayling
deni,denizli cardak
pita,pittsburgh
mosc,moscow
lgqa,lago agrio
nime,nimes
suxa,sioux city
noba,nosara beach
kocn,koumac
ipca,easter island
mvba,franceville
ogda,ogden
wdha,windhoek
khia,karachi
bgnc,belaya gora
ivtz,visakhapatnam
gele,gelendzik
dava,david
stok,stokmarknes
boll,bol
mcpa,macapa
trom,tromso
szaa,soyo
weia,weipa
luoa,luena
idel,new delhi
isla,barr
yoja,high level
mkra,meekatharra
hdma,hamadan
pkpp,teonemahina
uihv,qui nhon
ossa,osh
yaba,arctic bay
pkni,pangkalanbuun
bari,bari
jima,jimma
hurg,hurghada
abus,abu simbel
anva,anvik
renn,rennes
keoa,odienne
zaha,zahedan
niko,nikolaev
mafa,midland
utpt,pattaya (chonburi)
ispa,islip
yvma,qikiqtarjuaq
psea,ponce
bwta,burnie
flza,sibolga
erfu,erfurt
rbra,rio branco
tuia,turaif
ajua,aracaju
trca,torreon
urga,uruguaiana
sinb,sinabang
kfpa,false pass
lnya,lanai city
cswa,shantou
marl,mariupol
cuna,cancun
btra,baton rouge
ugia,uganik
gesp,general santos
tjka,tokat
svaa,savoonga
peda,pardubice
memb,memmingen
amha,arba mintch
ckhn,nanchang
yxla,sioux lookout
yaku,yakutsk
ngea,ngaoundere
tour,tours
oden,odense
iamd,ahmedabad
iixg,belgaum
fkla,franklin
kopt,nakhon phanom
juhi,chizhou
otda,contadora
xkha,xieng khouang
tida,tiaret
bjsa,beijing
oyea,oyem
aaea,annaba
bmda,belo
xtoa,taroom
ctca,catamarca
jokj,okayama
sqgi,sintang
leon,leon
zaki,zante (zakynthos)
snpa,saint paul island
flor,florence
rzsa,sawan
pamp,pamplona
dboa,dubbo
sofi,sofia
mdlm,mandalay
keha,kenmore air harbor
trgn,tauranga
leed,leeds
dika,dickinson
sanb,san luis
lecb,lencois
yfoa,flin flon
wgpi,waingapu
cmea,ciudad del carmen
swqi,sumbawa
paza,poza rica
mala,malaga
iixc,chandigarh
hnsa,haines
yxca,cranbrook
adan,adana
ccgq,changchun
shaa,sharana
wnaa,napakiak
ypra,prince rupert
cmga,corumba
skia,skiathos
sfja,kangerlussuaq
osta,ostend
tuca,tucuman
icjb,coimbatore
yifa,pakuashipi
cpca,san martin delos andes
jmmb,memanbetsu
sond,sonderborg
occa,coca
koms,komsomolsk na amure
pbum,putao
eaua,eau claire
aswa,aswan daraw
cope,copenhagen
kisa,kisumu
cten,tongren
bjla,banjul
smtt,sun moon lake
umda,sermiarsuit
sica,san jose island
novp,novokuzinetsk
sova,seldovia
yich,yichun
rexa,reynosa
miga,mian yang
naqa,qaanaaq
gzpa,gazipasa
rhta,alxa right banner
dole,dole tavaux
oaka,oakland
cbha,bechar
wars,warsaw
dira,dire dawa
apla,nampula
pcnn,picton
wick,wick
clum,luxi
assi,assiut
gazi,gaziantep
usin,usinsk
kepa,nepalganj
impa,imperatriz
nbea,enfidha
bsra,basra
hoda,hodeidah
ogsa,ogdensburg
mers,mersa matruh
foaa,ham
hgnt,mae hong son
ihjr,khajuraho
iixj,jammu
pzba,pietermaritzburg
apna,alpena
knwa,new stuyahok
bpni,balikpapan
icok,kochi
ccih,changzhi
pyha,puerto ayacucho
koss,kos
tlii,tolitoli
otha,north bend
rhod,rhodes
cnng,nanning
eqsa,esquel
nlaa,ndola
mrxa,bandar mahshahr
iixz,port blair
acca,accra
lvia,livingstone
pnpp,popondetta
clta,charlotte
orns,ornskoldsvik
vaas,vaasa
bnea,brisbane
osaa,osaka
sein,ilmajoki
saha,sana'a
jkmj,kumamoto
wkka,aleknagik
brwa,barrow
gffa,griffith
beni,beni mellal
turk,turku
gria,grand island
tdgp,tandag
abea,allentown
gbla,goulburn island
caqg,anqing
ange,angers
kure,kuressaare
ijga,jamnagar
eama,nejran
liqa,lisala
tmja,termez
dsea,dessie
yyda,smithers
inla,international falls
geoa,georgetown
dgtp,dumaguete
rnaa,arona
sana,san diego
maas,maastricht
okli,awom
rsha,russian mission
czat,zhaotong
bdba,bundaberg
cjgn,jiayuguan
hacn,huaian
btma,butte
roro,roros
vest,vestmannaeyjar
ctma,chetumal
milo,milos
uemo,olyokminsk
ibaa,ibadan
pvha,porto velho
bsba,brasilia
msoa,missoula
bthi,batam
clqa,colima
jjua,qaqortoq
jkla,kalymnos
ruaa,arua
aana,al ain
carc,carcassonne
qupa,saqqaq
cooa,cotonou
bkim,kota kinabalu
fpoa,freeport
yqxa,gander
kaun,kaunas
plxa,semipalatinsk
yola,yola
peru,perugia
plwi,palu
ydla,dease lake
bgaa,bucaramanga
wyaa,whyalla
bjaa,bejaia
syba,duck village
cnma,carlsbad
cngb,ningbo
yyra,happy valley-goose bay
tnra,antananarivo
tgra,touggourt
akva,akulivik
bhsa,bathurst
caya,cayenne
faha,farah
clwa,clearwater
cvna,clovis
mnlp,manila
tfip,tufi
mgha,margate
arsa,aragarcas
nice,nice
caca,cascavel
huiv,hue
inda,indianapolis
vinn,vinnitsa
phda,new philadelphia
svuf,savusavu
kzba,larsen bay
bugu,bugulma
cxnn,xining
tugp,tuguegarao
slhv,sola
vlda,valdosta
cxuz,xuzhou
dtba,siborong-borong
oria,port lions
mema,memphis
ibra,omitama
slza,sao luiz
yfba,iqaluit
nlha,ninglang
kbui,kotabaru
srea,sucre
ttei,ternate
kulu,kulusuk island
hcja,hechi
ycoa,kugluktuk
done,donegal
ldha,lord howe island
amqi,ambon
amba,ambilobe
calv,calvi
birm,birmingham
mgwa,morgantown
cher,cherepovets
yhza,halifax
kyka,karluk
phea,port hedland
rhda,rio hondo
sowa,show low
subi,surabaya
pfba,passo fundo
benb,creagorry
boca,bocas del toro
tgia,tingo maria
bwna,bandar seri begawan
cllf,yongzhou
zrja,weagamow lake
mlia,moline
cena,ciudad obregon
slaa,salta
sanl,sanliurfa
imka,simikot
ylea,wha ti  lac la martre
meha,mehamn
muma,mumias
ncua,nukus
tmma,tamatave
asab,asaba
cxja,caxias do sul
wina,winton
igdr,igdir
yika,ivujivik
uyoa,uyo
xgra,kangiqsualujjuaq
erzu,erzurum
ljaa,lodja
berm,berlevag
lyck,lycksele hedlunda
ltka,latakia
juva,upernavik
sara,sarajevo
berg,bergerac
iidr,indore
pala,palanga
dila,dili
tuni,tunis carthage
vvza,illizi
blac,blackpool
usha,ushuaia
sbya,salisbury
puua,puerto asis
cfba,cabo frio
luna,lusaka
apoa,apartado
jsyo,shonai
cpva,campina grande
cfga,cienfuegos
cbqa,calabar
nupa,nunapitchuk
nizh,nizhniy novgorod
ykoa,hakkari
seka,srednekolymsk
beir,beirut
anfa,antofagasta
gxhe,xiahe
cbop,cotabato
smqi,sampit
mtra,monteria
bodo,bodo
cata,catania
blza,blantyre
dxba,dubai
lbpm,long banga
urya,al qurayy%u0101t
thir,santorini (thira)
miaa,miami
elaz,elazig
mxbi,masamba
ysta,ste therese point
keka,ekwok
cvqa,carnarvon
sund,sundsvall
hata,hatanga
repk,siem reap
kiha,kish island
pnki,pontianak
lwsa,lewiston
boya,bobo dioulasso
swfa,newburgh
leta,leticia
abja,abidjan
kgia,kalgoorlie
marr,marrakech menara
mytm,myitkyina
maqt,mae sot (tak)
yvaa,moroni
vlae,vladikavkaz
yzpa,sandspit
tgza,tuxtla gutierrez
ptua,platinum
dska,dera ismail khan
yyua,kapuskasing
jsra,jessore
pesc,pescara
onsa,onslow
ltxa,latacunga
aeba,baise
joit,oita
nado,nador
bspp,wereave
debr,debrecen
oxba,bissau
aegi,aek godang
ford,forde
meca,manta
jakj,asahikawa
caza,cobar
rono,ronne bornholm
ppna,popayan
cham,chambery
mvla,stowe
bxbi,babo
ioan,ioannina
yhma,hamilton
rhia,rhinelander
brat,bratsk
mwaa,marion
plmi,palembang
uraj,uraj
sams,samsun
haif,haifa
isua,sulaymaniyah
yoca,old crow
ypwa,powell river
ooma,cooma
jdfa,juiz de fora
ouar,ouarzazate
chgh,hangzhou
tcza,heshun
hmaa,khanty-mansiysk
ctyn,taiyuan
agta,ciudad del este
tbpa,tumbes
roka,rockhampton
juma,jumla
jkij,niigata
axua,axum
vaxj,vaxjo
cynj,yanji
madr,madrid
smla,stella maris
bcua,bauchi
xsia,south indian lake
cmwa,camaguey
saas,balaton
azna,andizhan
mexa,mexico city
belf,belfast
poga,port gentil
ynsa,nemiscau
byma,bayamo
msua,maseru
nizi,nizhnevartovsk
wtzn,whitianga
taia,taiz
ppba,presidente prudente
mywa,mtwara
bqba,bussellton
ygza,grise fiord
vaip,vanimo
tlma,tlemcen
mdka,mbandaka
faro,faro
omea,nome
yvba,bonaventure
ghba,governors harbour
ndja,n'djamena
ftea,el calafate
zbra,chah-bahar
uyua,uyuni
mbaa,mombasa
tiks,tiksi
lnka,lincoln
isaa,mount isa
hels,helsinki
cnya,moab
cdyg,dayong
bdji,banjarmasin
joim,oshima
lawa,lawton
abak,abakan
laja,lages
tppa,tarapoto
njfa,najaf
spsa,wichita falls
elfa,el fasher
irja,rajahmundry
elda,el dorado
jula,juliaca
laka,aklavik
nyca,new york
cpra,casper
mnoa,manono
dadv,da nang
ycua,yun cheng
ataa,anta
beri,bergen
uasa,archers post
zapo,zaporozhye
grba,green bay
btca,batticaloa
gcca,gillette
abia,abilene
xcra,ch�lons-en-champagne
ifna,isfahan
ysfa,stony rapids
edoa,edremit  korfez
hann,hannover
stet,st etienne
akia,akiak
bbnm,bario
timi,timisoara
nanf,nadi
bina,bamiyan
batm,batman
mqpa,nelspruit
jala,jalapa
mart,marsa allam
tttt,taitung
nvia,navoiy
ccif,chifeng
deca,decatur
cdba,cold bay
yxsa,prince george
tina,tindouf
npln,new plymouth
shra,sheridan
tqra,isole tremiti
pzua,port sudan
wjra,wajir
bjra,bahar dar
kwja,gwangju
jtoy,toyama
pbca,puebla
utna,upington
djga,djanet
bgra,bangor
jsua,maniitsoq
sifa,simara
bjia,bemidji
rksa,rock springs
kxff,koro island
mzra,mazar-i-sharif
kvda,gyandzha
mont,montpellier
uuyx,ust-tsilma
prag,prague
kuop,kuopio
asty,astypalaia
scca,deadhorse
acka,nantucket
myra,myrtle beach
lmma,los mochis
bzla,barisal
bnca,beni
muea,kamuela
chmi,hami
hnha,hoonah
cjgs,ji an
zaja,zaranj
nosa,fasenina-ampasy
pari,paris
vito,vitoria
hsla,huslia
yqra,regina
ogua,ordu-giresun
chlh,ulanhot
mmua,morristown
gtea,alyangula
teqa,tekirdag
abva,abuja
inba,independence
tgua,tegucigalpa
lann,lannion
phwa,phalaborwa
bmom,bhamo
malm,malmo
moaa,moa
mars,marseille
homa,homer
cska,cap skirring
gcna,grand canyon
agma,tasiilaq
cnsa,cairns
tbia,the bight
yhda,dryden
btji,banda aceh
thra,tehran
iphm,ipoh
bkca,buckland
glta,gladstone
enip,el nido
gdta,grand turk is
teta,tete
heri,heringsdorf
pvca,provincetown
nmaa,namangan
ykaa,kamloops
cyfa,chefornak
suka,samcheok
yqta,thunder bay
ctcg,tacheng
visa,visalia
algs,alghero sardinia
bfjf,bijie
pbma,paramaribo
pera,perth
ykfa,kitchener  waterloo
gtoi,gorontalo
valf,valence chabeuil
alul,al `ula
gpta,gulfport
cdat,datong
xqua,qualicum
wsna,south naknek
yrga,rigolet
ouaa,ouagadougou
hvra,havre
tmia,tumling tar
zosa,osorno
gjaa,guanaja
amma,amman
dzaa,dzaoudzi
evva,evansville
dliv,dalat
pssa,posadas
nvta,navegantes
mqjc,khonnu
puqa,punta arenas
kkct,khon kaen
rbma,straubing
jisg,ishigaki
agna,angoon
moca,montes claros
bfxa,bafoussam
mvtp,mataiva
apww,apia
laxa,los angeles
jmoa,jomsom
cloa,cali
bmwa,bordj badji mokhtar
alza,akhiok
jhkd,hakodate
cxmn,xiamen
egxa,egegik
dlpa,chessy
mulh,mulhouse
alic,alicante
bolo,bologna
cwux,wuxi
ktma,kathmandu
prya,pretoria
bqna,aguadilla
thes,thessaloniki
lixa,likoma island
pnra,pointe noire
psma,portsmouth
lusa,lusanga
clpa,clarks point
java,ilulissat
zsha,santa fe
dsia,destin
egil,egilsstadir
reus,reus
moda,modesto
yqba,quebec
sion,sion
wbqa,beaver
vera,veracruz
ctnh,tonghua
mlma,morelia
hlna,helena
ybla,campbell river
vkgv,rach gia
ahba,abha
snua,santa clara
yfca,fredericton
kava,kavala
esca,escanaba
hanv,hanoi
orst,�rsta
luxe,luxembourg
wvba,walvis bay
cxba,cox's bazar
lfra,la fria
ruha,riyadh
ploa,port lincoln
turi,turin
gila,gilgit
klop,kalibo
sirn,sirnak
esra,el salvador
yqka,kenora
llua,alluitsup paa
mvra,maroua
xian,xi an
jwkj,wakkanai
tron,trondheim
ksqa,karshi
cagl,cagliari
ytoa,toronto
dyua,dushanbe
isba,islamabad
nstt,nakhon si thammarat
wlgn,wellington
ebda,el obeid
ybxa,blanc sablon
tela,tel aviv
naxo,naxos
oulu,oulu
nori,norilsk
meli,melilla
frie,friedrichshafen
cuka,caye caulker
exia,excursion inlet
posa,port of spain
igau,guwahati
vcsv,chi khu c%u1ECF �ng
hehm,heho
pxmb,puerto escondido
stga,st george island
kypm,kyaukpyu
pzam,zamboanga
auqp,atuona
soya,stronsay
cckg,chongqing
port,porto
slib,solwezi
csha,shanghai
ymta,chibougamau
ykga,kangirsuk
ipla,imperial
iraa,kirakira
uioa,quito
vcav,can tho
adda,addis ababa
tall,tallinn
ygpa,gaspe
mxva,moron
kemi,kemi  tornio
ilra,ilorin
goth,gothenburg
husb,hughes
cndg,qiqihar
zamb,jeki
akur,akureyri
shda,staunton
hsva,huntsville
kuka,kasigluk
deaa,dera ghazi khan
buea,buenos aires
cjgd,jiagedaqi
lvov,lviv
egna,geneina
psoa,pasto
uoxa,oxford
cuea,cuenca
ctao,qingdao
muxa,multan
lsya,lismore
lbra,labrea
thdv,thanh hoa
yvoa,val d'or
duss,dusseldorf
gbea,gaborone
tnca,tin city
baha,al muharraq
ygta,igloolik
pnhk,phnom penh
olbi,olbia
mrya,carmel
plov,plovdiv
juja,jujuy
houa,houston
trua,trujillo
mkya,mackay
gana,gan island
krgn,kurgon-tyube
dvop,davao
kkha,kongiganak
pira,pierre
itrv,thiruvananthapuram
rcba,richards bay
cmba,colombo
keme,kemerovo
spka,sapporo
yhia,ulukhaktok
hcnt,hengchun
cune,cuneo
abui,atambua
svda,kingstown
tcxa,tabas
ksma,saint marys
hdna,hayden
mlya,manley hot springs
tirg,tirgu mures
soqi,sorong
sfoa,san francisco
itez,tezpur
ldba,londrina
clla,college station
sdya,sidney
jizo,izumo
tjla,tr�s lagoas
ymha,mary's harbour
yyja,victoria
ajya,agades
mova,moranbah
tlta,tuluksak
riya,ar riy%u0101n
bada,badajoz talaveral
pdgi,padang
cdnh,dunhuang
sfda,san fernando de apure
cika,chalkyitsik
bcia,barcaldine
intb,winston-salem
lpba,la paz
kras,krasnoyarsk
nsnn,nelson
cyin,yining
nmea,nightmute
hcma,eil
kyua,koyukuk
casa,casablanca
hysa,hays
myza,monkey bay
colo,cologne
pwqa,pavlodar
avpa,wilkes-barre
disa,loubomo
giza,jazan
gova,nhulunbuy
izhe,izhevsk
mzoa,manzanillo
yqda,the pas
vlad,vladivostok
cbba,cochabamba
rbqa,rurrenabaque
mpaa,katima mulilo
kpra,port williams
ejaa,barrancabermeja
gnva,gainesville
bart,barth
iixa,agartala
bhen,blenheim
pkzl,pakse
banj,banja luka
vgza,villagarzon
uraa,uralsk
meia,meridian
euga,eugene
nazr,nazran
oujd,oujda
iraj,rajkot
sins,singapore
pkaa,napaskiak
cafa,carauari
cjmt,chumphon
hyga,hydaburg
karl,karlstad
aorm,alor setar
nars,narsarsuaq
lopa,praya
buca,burketown
alde,alderney
ilea,killeen
ajac,ajaccio
csjw,shijiazhuang
ypla,pickle lake
vhva,verkhnevilyuysk
cega,chester
gela,santo angelo
ptya,panama city
szia,zaisan
skoa,sokoto
broa,brownsville
muba,maun
sout,southampton
shar,sharm el sheikh
tagp,tagbilaran
idhm,dharamsala
mpma,maputo
ktra,katherine
fnla,fort collins
jshm,shirahama
bjwi,bajawa
taya,tartu
rabp,rabaul
msqa,minsk
ksla,kassala
ovba,novosibirsk
kcfa,kadanwari
rvea,saravena
lake,lakselv
ilia,iliamna
nbxi,nabire
slna,salina
halm,halmstad
lule,lule�
srva,stony river
ysoa,postville
gspa,greenville
bhka,bukhara
lsta,launceston
slua,castries
arvi,arvidsjaur
yyca,calgary
djbi,jambi
cuqa,coen
igwl,gwalior
alaa,almaty
mfua,mfuwe
clhw,lanzhou
jhsa,sisimiut
daya,dayton
cynt,yantai
vliv,port vila
wnha,wenshan
surg,surgut
bila,billings
abla,ambler
bfda,bradford
burq,burqin
sbwm,sibu
cbta,catumbela
kzoa,kzyl-orda
ceib,ceiba
joia,joinville
dtta,detroit
coda,cody  yellowstone
dnep,dnepropetrovsk
gdla,guadalajara
anma,antalaha
xiqa,ilimanaq
nawt,narathiwat
mphp,caticlan
buch,bucharest
pgda,punta gorda
paja,pajala
jogn,yonaguni jima
cdoy,dongying
rowa,roswell
svca,silver city
ival,ivalo
qsfa,setif
mzgt,makung
shha,shishmaref
meqi,meulaboh
kvra,kavalerovo
cmda,cootamundra
mnta,minto
biki,biak
tiun,timaru
ibhu,bhavnagar
cjca,calama
riga,riga
yvra,vancouver
gyna,goiania
pola,pemba
drwa,darwin
ldum,lahad datu
phst,phitsanulok
atca,arthur's town
gene,geneva
sarn,sarnia
lita,little rock
ijlr,jabalpur
yaka,yakutat
kngi,kaimana
baqa,barranquilla
skka,shaktoolik
wwpa,whale pass
lqma,puerto leguizamo
jaxa,jacksonville
pcql,phongsaly
udia,uberlandia
kchm,kuching
bcva,belmopan
tene,tenerife
mona,monastir
jnua,juneau
jkmq,komatsu
ynca,wemindji
elua,el oued
lwba,lewisburg
pgaa,page
nalc,nalchik
cpea,campeche
kmvm,kalemyo
pete,st petersburg
vigo,vigo
qrya,ikerasaarsuk
pbpa,punta islita
mhua,cobungra
fnja,pyongyang
acua,achutupo
yyha,taloyoak
clnj,lincang
