maker,model
Acura,CL
Acura,ILX
Acura,Integra
Acura,Legend
Acura,MDX
Acura,NSX
Acura,RDX
Acura,RL
Acura,RLX
Acura,RSX
Acura,SLX
Acura,TL
Acura,TLX
Acura,TSX
Acura,Vigor
Acura,ZDX
Alfa Romeo,164
Alfa Romeo,4C
Alfa Romeo,8C Competizione
Alfa Romeo,GTV-6
Alfa Romeo,Milano
Alfa Romeo,Spider
AMC,Alliance
AMC,Concord
AMC,Eagle
AMC,Encore
AMC,Spirit
Aston Martin,DB7
Aston Martin,DB9
Aston Martin,DBS
Aston Martin,Lagonda
Aston Martin,Rapide
Aston Martin,Rapide S
Aston Martin,V12 Vantage
Aston Martin,V8 Vantage
Aston Martin,Vanquish
Aston Martin,Virage
Audi,100
Audi,200
Audi,4000
Audi,5000
Audi,80
Audi,90
Audi,A3
Audi,A4
Audi,A5
Audi,A6
Audi,A7
Audi,A8
Audi,allroad
Audi,Cabriolet
Audi,Coupe
Audi,Q3
Audi,Q5
Audi,Q7
Audi,Quattro
Audi,R8
Audi,RS 4
Audi,RS 5
Audi,RS 6
Audi,RS 7
Audi,S3
Audi,S4
Audi,S5
Audi,S6
Audi,S7
Audi,S8
Audi,SQ5
Audi,TT
Audi,TT RS
Audi,TTS
Audi,V8 Quattro
Bentley,Arnage
Bentley,Azure
Bentley,Bentayga
Bentley,Brooklands
Bentley,Continental
Bentley,Eight
Bentley,Flying Spur
Bentley,Mulsanne
Bentley,Turbo R
BMW,1 Series M
BMW,128i
BMW,135i
BMW,135is
BMW,228i
BMW,228i xDrive
BMW,M235i
BMW,M235i xDrive
BMW,318i
BMW,318iS
BMW,318ti
BMW,320i
BMW,320i xDrive
BMW,323ci
BMW,323i
BMW,323is
BMW,325
BMW,325Ci
BMW,325e
BMW,325es
BMW,325i
BMW,325iX
BMW,325is
BMW,325xi
BMW,328Ci
BMW,328d
BMW,328d xDrive
BMW,328i
BMW,328i Gran Turismo xDrive
BMW,328i xDrive
BMW,328iS
BMW,328xi
BMW,330Ci
BMW,330e
BMW,330i
BMW,330xi
BMW,335d
BMW,335i
BMW,335i Gran Turismo xDrive
BMW,335i xDrive
BMW,335is
BMW,335xi
BMW,340i
BMW,340i xDrive
BMW,ActiveHybrid 3
BMW,428i
BMW,428i Gran Coupe
BMW,428i Gran Coupe xDrive
BMW,428i xDrive
BMW,435i
BMW,435i Gran Coupe
BMW,435i Gran Coupe xDrive
BMW,435i xDrive
BMW,524td
BMW,525i
BMW,525xi
BMW,528e
BMW,528i
BMW,528i xDrive
BMW,528xi
BMW,530i
BMW,530xi
BMW,533i
BMW,535d
BMW,535d xDrive
BMW,535i
BMW,535i Gran Turismo
BMW,535i Gran Turismo xDrive
BMW,535i xDrive
BMW,535xi
BMW,540i
BMW,545i
BMW,550i
BMW,550i Gran Turismo
BMW,550i Gran Turismo xDrive
BMW,550i xDrive
BMW,ActiveHybrid 5
BMW,633CSi
BMW,635CSi
BMW,640i
BMW,640i Gran Coupe
BMW,640i Gran Coupe xDrive
BMW,640i xDrive
BMW,645Ci
BMW,650i
BMW,650i Gran Coupe
BMW,650i Gran Coupe xDrive
BMW,650i xDrive
BMW,ALPINA B6 xDrive Gran Coupe
BMW,L6
BMW,733i
BMW,735i
BMW,735iL
BMW,740Ld xDrive
BMW,740Li
BMW,740Li xDrive
BMW,740i
BMW,740i xDrive
BMW,740iL
BMW,745Li
BMW,745i
BMW,750Li
BMW,750Li xDrive
BMW,750i
BMW,750i xDrive
BMW,750iL
BMW,760Li
BMW,760i
BMW,ALPINA B7
BMW,ALPINA B7 xDrive
BMW,ActiveHybrid 7
BMW,L7
BMW,840Ci
BMW,850CSi
BMW,850Ci
BMW,850i
BMW,ActiveHybrid X6
BMW,i3
BMW,i8
BMW,M Coupe
BMW,M Roadster
BMW,M2
BMW,M3
BMW,M4
BMW,M5
BMW,M6
BMW,M6 Gran Coupe
BMW,X1
BMW,X3
BMW,X4
BMW,X5
BMW,X5 M
BMW,X6
BMW,X6 M
BMW,Z3
BMW,Z4
BMW,Z8
Buick,Cascada
Buick,Century
Buick,Electra
Buick,Enclave
Buick,Encore
Buick,Envision
Buick,LaCrosse
Buick,Le Sabre
Buick,Lucerne
Buick,Park Avenue
Buick,Rainier
Buick,Reatta
Buick,Regal
Buick,Rendezvous
Buick,Riviera
Buick,Roadmaster
Buick,Skyhawk
Buick,Skylark
Buick,Somerset
Buick,Terraza
Buick,Verano
Cadillac,Allante
Cadillac,ATS
Cadillac,Brougham
Cadillac,Catera
Cadillac,Cimarron
Cadillac,CT6
Cadillac,CTS
Cadillac,De Ville
Cadillac,DTS
Cadillac,Eldorado
Cadillac,ELR
Cadillac,Escalade
Cadillac,Escalade ESV
Cadillac,Escalade EXT
Cadillac,Fleetwood
Cadillac,Seville
Cadillac,SRX
Cadillac,STS
Cadillac,XLR
Cadillac,XT5
Cadillac,XTS
Chevrolet,Astro
Chevrolet,Avalanche
Chevrolet,Aveo
Chevrolet,Aveo5
Chevrolet,Beretta
Chevrolet,Blazer
Chevrolet,Camaro
Chevrolet,Caprice
Chevrolet,Captiva Sport
Chevrolet,Cavalier
Chevrolet,Celebrity
Chevrolet,Chevette
Chevrolet,Citation
Chevrolet,City Express
Chevrolet,Cobalt
Chevrolet,Colorado
Chevrolet,Corsica
Chevrolet,Corvette
Chevrolet,Cruze
Chevrolet,El Camino
Chevrolet,Equinox
Chevrolet,Express 1500
Chevrolet,Express 2500
Chevrolet,Express 3500
Chevrolet,Express 4500
Chevrolet,G10
Chevrolet,G20
Chevrolet,G30
Chevrolet,HHR
Chevrolet,Impala
Chevrolet,Kodiak C4500
Chevrolet,Lumina
Chevrolet,Lumina APV
Chevrolet,LUV
Chevrolet,Malibu
Chevrolet,Metro
Chevrolet,Monte Carlo
Chevrolet,Nova
Chevrolet,Prizm
Chevrolet,S10
Chevrolet,S10 Blazer
Chevrolet,S10 Pickup
Chevrolet,Silverado
Chevrolet,C/K1500
Chevrolet,CK1500
Chevrolet,C/K2500
Chevrolet,CK2500
Chevrolet,C/K3500
Chevrolet,CK3500
Chevrolet,Sonic
Chevrolet,Spark
Chevrolet,Spectrum
Chevrolet,Sprint
Chevrolet,SS
Chevrolet,SSR
Chevrolet,Suburban
Chevrolet,Tahoe
Chevrolet,Tracker
Chevrolet,TrailBlazer
Chevrolet,TrailBlazer EXT
Chevrolet,Traverse
Chevrolet,Trax
Chevrolet,Uplander
Chevrolet,Venture
Chevrolet,Volt
Chrysler,200
Chrysler,300
Chrysler,300M
Chrysler,Aspen
Chrysler,Cirrus
Chrysler,Concorde
Chrysler,Conquest
Chrysler,Cordoba
Chrysler,Crossfire
Chrysler,E Class
Chrysler,Fifth Avenue
Chrysler,Grand Voyager
Chrysler,Imperial
Chrysler,Intrepid
Chrysler,Laser
Chrysler,LeBaron
Chrysler,LeBaron GTS
Chrysler,LHS
Chrysler,New Yorker
Chrysler,Newport
Chrysler,Pacifica
Chrysler,Prowler
Chrysler,PT Cruiser
Chrysler,Sebring
Chrysler,TC by Maserati
Chrysler,Town & Country
Chrysler,Voyager
Daewoo,Lanos
Daewoo,Leganza
Daewoo,Nubira
Datsun,200SX
Datsun,210
Datsun,280ZX
Datsun,300ZX
Datsun,310
Datsun,510
Datsun,720
Datsun,810
Datsun,Maxima
Datsun,Pickup
Datsun,Pulsar
Datsun,Sentra
Datsun,Stanza
DeLorean,DMC-12
Dodge,400
Dodge,600
Dodge,Aries
Dodge,Avenger
Dodge,B150
Dodge,B1500
Dodge,B250
Dodge,B2500
Dodge,B350
Dodge,B3500
Dodge,Caliber
Dodge,Caravan
Dodge,Challenger
Dodge,Charger
Dodge,Colt
Dodge,Conquest
Dodge,D/W Truck
Dodge,Dakota
Dodge,Dart
Dodge,Daytona
Dodge,Diplomat
Dodge,Durango
Dodge,Dynasty
Dodge,Grand Caravan
Dodge,Intrepid
Dodge,Journey
Dodge,Lancer
Dodge,Magnum
Dodge,Mirada
Dodge,Monaco
Dodge,Neon
Dodge,Nitro
Dodge,Omni
Dodge,Raider
Dodge,Ram
Dodge,Ram 1500
Dodge,Ram 2500
Dodge,Ram 3500
Dodge,Ram 4500
Dodge,Ram 50
Dodge,Ram 5500
Dodge,Ram SRT-10
Dodge,Ramcharger
Dodge,Rampage
Dodge,Shadow
Dodge,Spirit
Dodge,Sprinter
Dodge,SRT-4
Dodge,St. Regis
Dodge,Stealth
Dodge,Stratus
Dodge,Viper
Eagle,Medallion
Eagle,Premier
Eagle,Summit
Eagle,Talon
Eagle,Vision
Ferrari,308
Ferrari,328
Ferrari,348
Ferrari,360
Ferrari,456 GT
Ferrari,456M GT
Ferrari,458 Italia
Ferrari,488 GTB
Ferrari,488 Spider
Ferrari,512M
Ferrari,512TR
Ferrari,550 Maranello
Ferrari,575M Maranello
Ferrari,599 GTB Fiorano
Ferrari,599 GTO
Ferrari,612 Scaglietti
Ferrari,California
Ferrari,Enzo
Ferrari,F12 Berlinetta
Ferrari,F355
Ferrari,F40
Ferrari,F430
Ferrari,F50
Ferrari,FF
Ferrari,LaFerrari
Ferrari,Mondial
Ferrari,Testarossa
FIAT,124 Spider
FIAT,2000 Spider
FIAT,500
FIAT,500L
FIAT,500X
FIAT,Bertone X1/9
FIAT,Brava
FIAT,Pininfarina Spider
FIAT,Strada
FIAT,X1/9
Fisker,Karma
Ford,Aerostar
Ford,Aspire
Ford,Bronco
Ford,Bronco II
Ford,C-MAX
Ford,Contour
Ford,Courier
Ford,Crown Victoria
Ford,E-100
Ford,E-150 and Econoline 150
Ford,E-250 and Econoline 250
Ford,E-350 and Econoline 350
Ford,Edge
Ford,Escape
Ford,Escort
Ford,Excursion
Ford,EXP
Ford,Expedition
Ford,Expedition EL
Ford,Explorer
Ford,Explorer Sport Trac
Ford,F100
Ford,F150
Ford,F250
Ford,F350
Ford,F450
Ford,Fairmont
Ford,Festiva
Ford,Fiesta
Ford,Five Hundred
Ford,Flex
Ford,Focus
Ford,Freestar
Ford,Freestyle
Ford,Fusion
Ford,Granada
Ford,GT
Ford,LTD
Ford,Mustang
Ford,Probe
Ford,Ranger
Ford,Taurus
Ford,Taurus X
Ford,Tempo
Ford,Thunderbird
Ford,Transit 150
Ford,Transit 250
Ford,Transit 350
Ford,Transit Connect
Ford,Windstar
Ford,ZX2 Escort
Freightliner,Sprinter
Geo,Metro
Geo,Prizm
Geo,Spectrum
Geo,Storm
Geo,Tracker
GMC,Acadia
GMC,Caballero
GMC,Canyon
GMC,Envoy
GMC,Envoy XL
GMC,Envoy XUV
GMC,G1500
GMC,G2500
GMC,G3500
GMC,Jimmy
GMC,S15 Jimmy
GMC,S15 Pickup
GMC,Safari
GMC,Savana 1500
GMC,Savana 2500
GMC,Savana 3500
GMC,Savana 4500
GMC,Sierra C/K1500
GMC,Sierra C/K2500
GMC,Sierra C/K3500
GMC,Sonoma
GMC,Suburban
GMC,Syclone
GMC,Terrain
GMC,TopKick C4500
GMC,Typhoon
GMC,Yukon
GMC,Yukon XL
Honda,Accord
Honda,Accord Crosstour
Honda,Civic
Honda,CR-V
Honda,CR-Z
Honda,Crosstour
Honda,CRX
Honda,Del Sol
Honda,Element
Honda,Fit
Honda,HR-V
Honda,Insight
Honda,Odyssey
Honda,Passport
Honda,Pilot
Honda,Prelude
Honda,Ridgeline
Honda,S2000
HUMMER,H1
HUMMER,H2
HUMMER,H3
HUMMER,H3T
Hyundai,Accent
Hyundai,Azera
Hyundai,Elantra
Hyundai,Elantra Coupe
Hyundai,Elantra Touring
Hyundai,Entourage
Hyundai,Equus
Hyundai,Excel
Hyundai,Genesis
Hyundai,Genesis Coupe
Hyundai,Santa Fe
Hyundai,Scoupe
Hyundai,Sonata
Hyundai,Tiburon
Hyundai,Tucson
Hyundai,Veloster
Hyundai,Veracruz
Hyundai,XG300
Hyundai,XG350
Infiniti,EX35
Infiniti,EX37
Infiniti,FX35
Infiniti,FX37
Infiniti,FX45
Infiniti,FX50
Infiniti,G20
Infiniti,G25
Infiniti,G35
Infiniti,G37
Infiniti,I30
Infiniti,I35
Infiniti,J30
Infiniti,JX35
Infiniti,M30
Infiniti,M35
Infiniti,M35h
Infiniti,M37
Infiniti,M45
Infiniti,M56
Infiniti,Q40
Infiniti,Q45
Infiniti,Q50
Infiniti,Q60
Infiniti,Q70
Infiniti,QX4
Infiniti,QX50
Infiniti,QX56
Infiniti,QX60
Infiniti,QX70
Infiniti,QX80
Isuzu,Amigo
Isuzu,Ascender
Isuzu,Axiom
Isuzu,Hombre
Isuzu,i-280
Isuzu,i-290
Isuzu,i-350
Isuzu,i-370
Isuzu,I-Mark
Isuzu,Impulse
Isuzu,Oasis
Isuzu,Pickup
Isuzu,Rodeo
Isuzu,Stylus
Isuzu,Trooper
Isuzu,Trooper II
Isuzu,VehiCROSS
Jaguar,F-PACE
Jaguar,F-TYPE
Jaguar,S-TYPE
Jaguar,X-TYPE
Jaguar,XE
Jaguar,XF
Jaguar,XJ
Jaguar,XJ Sport
Jaguar,XJ Vanden Plas
Jaguar,XJ12
Jaguar,XJ6
Jaguar,XJ8
Jaguar,XJ8 L
Jaguar,XJR
Jaguar,XJR-S
Jaguar,XJS
Jaguar,XK
Jaguar,XK8
Jaguar,XKR
Jeep,Cherokee
Jeep,CJ
Jeep,Comanche
Jeep,Commander
Jeep,Compass
Jeep,Grand Cherokee
Jeep,Grand Wagoneer
Jeep,Liberty
Jeep,Patriot
Jeep,Pickup
Jeep,Renegade
Jeep,Scrambler
Jeep,Wagoneer
Jeep,Wrangler
Kia,Amanti
Kia,Borrego
Kia,Cadenza
Kia,Forte
Kia,Forte Koup
Kia,K900
Kia,Optima
Kia,Rio
Kia,Rio5
Kia,Rondo
Kia,Sedona
Kia,Sephia
Kia,Sorento
Kia,Soul
Kia,Spectra
Kia,Spectra5
Kia,Sportage
Lamborghini,Aventador
Lamborghini,Countach
Lamborghini,Diablo
Lamborghini,Gallardo
Lamborghini,Huracan
Lamborghini,Jalpa
Lamborghini,LM002
Lamborghini,Murcielago
Land Rover,Defender
Land Rover,Discovery
Land Rover,Discovery Sport
Land Rover,Freelander
Land Rover,LR2
Land Rover,LR3
Land Rover,LR4
Land Rover,Range Rover
Land Rover,Range Rover Evoque
Land Rover,Range Rover Sport
Lexus,CT 200h
Lexus,ES 250
Lexus,ES 300
Lexus,ES 300h
Lexus,ES 330
Lexus,ES 350
Lexus,GS 200t
Lexus,GS 300
Lexus,GS 350
Lexus,GS 400
Lexus,GS 430
Lexus,GS 450h
Lexus,GS 460
Lexus,GS F
Lexus,GX 460
Lexus,GX 470
Lexus,HS 250h
Lexus,IS 200t
Lexus,IS 250
Lexus,IS 250C
Lexus,IS 300
Lexus,IS 350
Lexus,IS 350C
Lexus,IS F
Lexus,LFA
Lexus,LS 400
Lexus,LS 430
Lexus,LS 460
Lexus,LS 600h
Lexus,LX 450
Lexus,LX 470
Lexus,LX 570
Lexus,NX 200t
Lexus,NX 300h
Lexus,RC 200t
Lexus,RC 300
Lexus,RC 350
Lexus,RC F
Lexus,RX 300
Lexus,RX 330
Lexus,RX 350
Lexus,RX 400h
Lexus,RX 450h
Lexus,SC 300
Lexus,SC 400
Lexus,SC 430
Lincoln,Aviator
Lincoln,Blackwood
Lincoln,Continental
Lincoln,LS
Lincoln,Mark LT
Lincoln,Mark VI
Lincoln,Mark VII
Lincoln,Mark VIII
Lincoln,MKC
Lincoln,MKS
Lincoln,MKT
Lincoln,MKX
Lincoln,MKZ
Lincoln,Navigator
Lincoln,Navigator L
Lincoln,Town Car
Lincoln,Zephyr
Lotus,Elan
Lotus,Elise
Lotus,Esprit
Lotus,Evora
Lotus,Exige
Maserati,430
Maserati,Biturbo
Maserati,Coupe
Maserati,Ghibli
Maserati,GranSport
Maserati,GranTurismo
Maserati,Quattroporte
Maserati,Spyder
Maybach,57
Maybach,62
Mazda,323
Mazda,626
Mazda,929
Mazda,B-Series Pickup
Mazda,CX-3
Mazda,CX-5
Mazda,CX-7
Mazda,CX-9
Mazda,GLC
Mazda,MAZDA2
Mazda,MAZDA3
Mazda,MAZDA5
Mazda,MAZDA6
Mazda,MAZDASPEED3
Mazda,MAZDASPEED6
Mazda,Millenia
Mazda,MPV
Mazda,MX-5 Miata
Mazda,MX3
Mazda,MX6
Mazda,Navajo
Mazda,Protege
Mazda,Protege5
Mazda,RX-7
Mazda,RX-8
Mazda,Tribute
McLaren,570S
McLaren,650S
McLaren,675LT
McLaren,MP4-12C
McLaren,P1
Mercedes-Benz,190D
Mercedes-Benz,190E
Mercedes-Benz,240D
Mercedes-Benz,260E
Mercedes-Benz,280CE
Mercedes-Benz,280E
Mercedes-Benz,300CD
Mercedes-Benz,300CE
Mercedes-Benz,300D
Mercedes-Benz,300E
Mercedes-Benz,300SD
Mercedes-Benz,300SDL
Mercedes-Benz,300SE
Mercedes-Benz,300SEL
Mercedes-Benz,300SL
Mercedes-Benz,300TD
Mercedes-Benz,300TE
Mercedes-Benz,350SD
Mercedes-Benz,350SDL
Mercedes-Benz,380SE
Mercedes-Benz,380SEC
Mercedes-Benz,380SEL
Mercedes-Benz,380SL
Mercedes-Benz,380SLC
Mercedes-Benz,400E
Mercedes-Benz,400SE
Mercedes-Benz,400SEL
Mercedes-Benz,420SEL
Mercedes-Benz,500E
Mercedes-Benz,500SEC
Mercedes-Benz,500SEL
Mercedes-Benz,500SL
Mercedes-Benz,560SEC
Mercedes-Benz,560SEL
Mercedes-Benz,560SL
Mercedes-Benz,600SEC
Mercedes-Benz,600SEL
Mercedes-Benz,600SL
Mercedes-Benz,AMG GT
Mercedes-Benz,B-Class Electric Drive
Mercedes-Benz,C220
Mercedes-Benz,C230
Mercedes-Benz,C240
Mercedes-Benz,C250
Mercedes-Benz,C280
Mercedes-Benz,C300
Mercedes-Benz,C32 AMG
Mercedes-Benz,C320
Mercedes-Benz,C350
Mercedes-Benz,C350e
Mercedes-Benz,C36 AMG
Mercedes-Benz,C400
Mercedes-Benz,C43 AMG
Mercedes-Benz,C450
Mercedes-Benz,C55 AMG
Mercedes-Benz,C63 AMG
Mercedes-Benz,CL500
Mercedes-Benz,CL55 AMG
Mercedes-Benz,CL550
Mercedes-Benz,CL600
Mercedes-Benz,CL63 AMG
Mercedes-Benz,CL65 AMG
Mercedes-Benz,CLA250
Mercedes-Benz,CLA45 AMG
Mercedes-Benz,CLK320
Mercedes-Benz,CLK350
Mercedes-Benz,CLK430
Mercedes-Benz,CLK500
Mercedes-Benz,CLK55 AMG
Mercedes-Benz,CLK550
Mercedes-Benz,CLK63 AMG
Mercedes-Benz,CLS400
Mercedes-Benz,CLS500
Mercedes-Benz,CLS55 AMG
Mercedes-Benz,CLS550
Mercedes-Benz,CLS63 AMG
Mercedes-Benz,E250
Mercedes-Benz,E300
Mercedes-Benz,E320
Mercedes-Benz,E350
Mercedes-Benz,E400
Mercedes-Benz,E420
Mercedes-Benz,E430
Mercedes-Benz,E500
Mercedes-Benz,E55 AMG
Mercedes-Benz,E550
Mercedes-Benz,E63 AMG
Mercedes-Benz,G500
Mercedes-Benz,G55 AMG
Mercedes-Benz,G550
Mercedes-Benz,G63 AMG
Mercedes-Benz,G65 AMG
Mercedes-Benz,GL320
Mercedes-Benz,GL350
Mercedes-Benz,GL450
Mercedes-Benz,GL550
Mercedes-Benz,GL63 AMG
Mercedes-Benz,GLA250
Mercedes-Benz,GLA45 AMG
Mercedes-Benz,GLC300
Mercedes-Benz,GLE300d
Mercedes-Benz,GLE350
Mercedes-Benz,GLE400
Mercedes-Benz,GLE450
Mercedes-Benz,GLE550e
Mercedes-Benz,GLE63 AMG
Mercedes-Benz,GLK250
Mercedes-Benz,GLK350
Mercedes-Benz,GLS350d
Mercedes-Benz,GLS450
Mercedes-Benz,GLS550
Mercedes-Benz,GLS63 AMG
Mercedes-Benz,ML250
Mercedes-Benz,ML320
Mercedes-Benz,ML350
Mercedes-Benz,ML400
Mercedes-Benz,ML430
Mercedes-Benz,ML450
Mercedes-Benz,ML500
Mercedes-Benz,ML55 AMG
Mercedes-Benz,ML550
Mercedes-Benz,ML63 AMG
Mercedes-Benz,Metris
Mercedes-Benz,R320
Mercedes-Benz,R350
Mercedes-Benz,R500
Mercedes-Benz,R63 AMG
Mercedes-Benz,Maybach S600
Mercedes-Benz,S320
Mercedes-Benz,S350
Mercedes-Benz,S400
Mercedes-Benz,S420
Mercedes-Benz,S430
Mercedes-Benz,S500
Mercedes-Benz,S55 AMG
Mercedes-Benz,S550
Mercedes-Benz,S550e
Mercedes-Benz,S600
Mercedes-Benz,S63 AMG
Mercedes-Benz,S65 AMG
Mercedes-Benz,SL320
Mercedes-Benz,SL400
Mercedes-Benz,SL500
Mercedes-Benz,SL55 AMG
Mercedes-Benz,SL550
Mercedes-Benz,SL600
Mercedes-Benz,SL63 AMG
Mercedes-Benz,SL65 AMG
Mercedes-Benz,SLK230
Mercedes-Benz,SLK250
Mercedes-Benz,SLK280
Mercedes-Benz,SLK300
Mercedes-Benz,SLK32 AMG
Mercedes-Benz,SLK320
Mercedes-Benz,SLK350
Mercedes-Benz,SLK55 AMG
Mercedes-Benz,SLR
Mercedes-Benz,SLS AMG
Mercedes-Benz,Sprinter
Mercury,Capri
Mercury,Cougar
Mercury,Grand Marquis
Mercury,LN7
Mercury,Lynx
Mercury,Marauder
Mercury,Mariner
Mercury,Marquis
Mercury,Milan
Mercury,Montego
Mercury,Monterey
Mercury,Mountaineer
Mercury,Mystique
Mercury,Sable
Mercury,Topaz
Mercury,Tracer
Mercury,Villager
Mercury,Zephyr
MINI,Cooper
MINI,Cooper Clubman
MINI,Cooper Countryman
MINI,Cooper Coupe
MINI,Cooper Paceman
MINI,Cooper Roadster
Mitsubishi,3000GT
Mitsubishi,Cordia
Mitsubishi,Diamante
Mitsubishi,Eclipse
Mitsubishi,Endeavor
Mitsubishi,Expo
Mitsubishi,Galant
Mitsubishi,i
Mitsubishi,Lancer
Mitsubishi,Lancer Evolution
Mitsubishi,Mighty Max
Mitsubishi,Mirage
Mitsubishi,Mirage G4
Mitsubishi,Montero
Mitsubishi,Montero Sport
Mitsubishi,Outlander
Mitsubishi,Outlander Sport
Mitsubishi,Precis
Mitsubishi,Raider
Mitsubishi,Sigma
Mitsubishi,Starion
Mitsubishi,Tredia
Mitsubishi,Van
Nissan,200SX
Nissan,240SX
Nissan,300ZX
Nissan,350Z
Nissan,370Z
Nissan,Altima
Nissan,Armada
Nissan,Axxess
Nissan,Cube
Nissan,Frontier
Nissan,GT-R
Nissan,Juke
Nissan,Leaf
Nissan,Maxima
Nissan,Murano
Nissan,Murano CrossCabriolet
Nissan,NV
Nissan,NV200
Nissan,NX
Nissan,Pathfinder
Nissan,Pickup
Nissan,Pulsar
Nissan,Quest
Nissan,Rogue
Nissan,Sentra
Nissan,Stanza
Nissan,Titan
Nissan,Van
Nissan,Versa
Nissan,Versa Note
Nissan,Xterra
Oldsmobile,88
Oldsmobile,Achieva
Oldsmobile,Alero
Oldsmobile,Aurora
Oldsmobile,Bravada
Oldsmobile,Custom Cruiser
Oldsmobile,Cutlass
Oldsmobile,Cutlass Calais
Oldsmobile,Cutlass Ciera
Oldsmobile,Cutlass Supreme
Oldsmobile,Firenza
Oldsmobile,Intrigue
Oldsmobile,Ninety-Eight
Oldsmobile,Omega
Oldsmobile,Regency
Oldsmobile,Silhouette
Oldsmobile,Toronado
Plymouth,Acclaim
Plymouth,Arrow
Plymouth,Breeze
Plymouth,Caravelle
Plymouth,Champ
Plymouth,Colt
Plymouth,Conquest
Plymouth,Gran Fury
Plymouth,Grand Voyager
Plymouth,Horizon
Plymouth,Laser
Plymouth,Neon
Plymouth,Prowler
Plymouth,Reliant
Plymouth,Sapporo
Plymouth,Scamp
Plymouth,Sundance
Plymouth,Trailduster
Plymouth,Turismo
Plymouth,Voyager
Pontiac,1000
Pontiac,6000
Pontiac,Aztek
Pontiac,Bonneville
Pontiac,Catalina
Pontiac,Fiero
Pontiac,Firebird
Pontiac,G3
Pontiac,G5
Pontiac,G6
Pontiac,G8
Pontiac,Grand Am
Pontiac,Grand Prix
Pontiac,GTO
Pontiac,J2000
Pontiac,Le Mans
Pontiac,Montana
Pontiac,Parisienne
Pontiac,Phoenix
Pontiac,Safari
Pontiac,Solstice
Pontiac,Sunbird
Pontiac,Sunfire
Pontiac,Torrent
Pontiac,Trans Sport
Pontiac,Vibe
Porsche,718 Boxster
Porsche,911
Porsche,918 Spyder
Porsche,924
Porsche,928
Porsche,944
Porsche,968
Porsche,Boxster
Porsche,Carrera GT
Porsche,Cayenne
Porsche,Cayman
Porsche,Macan
Porsche,Panamera
RAM,1500
RAM,2500
RAM,3500
RAM,4500
RAM,5500
RAM,C/V
RAM,ProMaster
RAM,ProMaster City
Rolls-Royce,Camargue
Rolls-Royce,Corniche
Rolls-Royce,Dawn
Rolls-Royce,Ghost
Rolls-Royce,Park Ward
Rolls-Royce,Phantom
Rolls-Royce,Silver Dawn
Rolls-Royce,Silver Seraph
Rolls-Royce,Silver Spirit
Rolls-Royce,Silver Spur
Rolls-Royce,Wraith
Saab,9-2X
Saab,9-3
Saab,9-4X
Saab,9-5
Saab,9-7X
Saab,900
Saab,9000
Saturn,Astra
Saturn,Aura
Saturn,ION
Saturn,L-Series
Saturn,Outlook
Saturn,Relay
Saturn,S-Series
Saturn,Sky
Saturn,Vue
Scion,FR-S
Scion,iA
Scion,iM
Scion,iQ
Scion,tC
Scion,xA
Scion,xB
Scion,xD
smart,fortwo
SRT,Viper
Subaru,Baja
Subaru,Brat
Subaru,BRZ
Subaru,Crosstrek
Subaru,Forester
Subaru,Impreza
Subaru,Impreza WRX
Subaru,Justy
Subaru,L Series
Subaru,Legacy
Subaru,Loyale
Subaru,Outback
Subaru,SVX
Subaru,Tribeca
Subaru,WRX
Subaru,XT
Subaru,XV Crosstrek
Suzuki,Aerio
Suzuki,Equator
Suzuki,Esteem
Suzuki,Forenza
Suzuki,Grand Vitara
Suzuki,Kizashi
Suzuki,Reno
Suzuki,Samurai
Suzuki,Sidekick
Suzuki,Swift
Suzuki,SX4
Suzuki,Verona
Suzuki,Vitara
Suzuki,X-90
Suzuki,XL7
Tesla,Model S
Tesla,Model X
Tesla,Roadster
Toyota,4Runner
Toyota,Avalon
Toyota,Camry
Toyota,Celica
Toyota,Corolla
Toyota,Corona
Toyota,Cressida
Toyota,Echo
Toyota,FJ Cruiser
Toyota,Highlander
Toyota,Land Cruiser
Toyota,Matrix
Toyota,Mirai
Toyota,MR2
Toyota,MR2 Spyder
Toyota,Paseo
Toyota,Pickup
Toyota,Previa
Toyota,Prius
Toyota,Prius C
Toyota,Prius V
Toyota,RAV4
Toyota,Sequoia
Toyota,Sienna
Toyota,Solara
Toyota,Starlet
Toyota,Supra
Toyota,T100
Toyota,Tacoma
Toyota,Tercel
Toyota,Tundra
Toyota,Van
Toyota,Venza
Toyota,Yaris
Volkswagen,Beetle
Volkswagen,Cabrio
Volkswagen,Cabriolet
Volkswagen,CC
Volkswagen,Corrado
Volkswagen,Dasher
Volkswagen,e-Golf
Volkswagen,Eos
Volkswagen,Eurovan
Volkswagen,Fox
Volkswagen,Golf
Volkswagen,Golf R
Volkswagen,GTI
Volkswagen,Jetta
Volkswagen,Passat
Volkswagen,Phaeton
Volkswagen,Pickup
Volkswagen,Quantum
Volkswagen,R32
Volkswagen,Rabbit
Volkswagen,Routan
Volkswagen,Scirocco
Volkswagen,Tiguan
Volkswagen,Touareg
Volkswagen,Vanagon
Volvo,240
Volvo,260
Volvo,740
Volvo,760
Volvo,780
Volvo,850
Volvo,940
Volvo,960
Volvo,C30
Volvo,C70
Volvo,S40
Volvo,S60
Volvo,S70
Volvo,S80
Volvo,S90
Volvo,V40
Volvo,V50
Volvo,V60
Volvo,V70
Volvo,V90
Volvo,XC60
Volvo,XC70
Volvo,XC90
Yugo,GV
Yugo,GVL
Yugo,GVX
