model,make
25,rover
25,rover
33,alfa romeo
33,alfa romeo
45,rover
45,rover
50,audi
66,volvo
75,alfa romeo
75,rover
75,rover
80,audi
80,audi
80,audi
80,audi
80,audi
90,alfa romeo
90,audi
90,saab
99,saab
100,audi
100,audi
100,audi
100,audi
100,audi
100,audi
100,audi
100,rover
100,rover
104,peugeot
104,peugeot
106,peugeot
106,peugeot
107,peugeot
107,peugeot
107,peugeot
108,peugeot
110,lada
121,mazda
124,fiat
124,seat
125,fiat
126,fiat
127,fiat
127,seat
128,fiat
130,fiat
131,fiat
131,seat
132,fiat
133,fiat
133,seat
145,alfa romeo
146,alfa romeo
147,alfa romeo
147,alfa romeo
155,alfa romeo
156,alfa romeo
156,alfa romeo
156,alfa romeo
156,alfa romeo
156,alfa romeo
156,alfa romeo
156,alfa romeo
159,alfa romeo
159,alfa romeo
164,alfa romeo
166,alfa romeo
166,alfa romeo
190,mercedes
200,audi
200,rover
200,rover
200,rover
204,peugeot
205,peugeot
205,peugeot
205,peugeot
205,peugeot
205,peugeot
205,peugeot
206,peugeot
206,peugeot
206,peugeot
206,peugeot
207,peugeot
207,peugeot
207,peugeot
207,peugeot
207,peugeot
207,peugeot
208,peugeot
208,ferrari
228,maserati
238,fiat
240,volvo
240,volvo
241,fiat
246,ferrari
260,volvo
304,peugeot
305,peugeot
306,peugeot
306,peugeot
306,peugeot
306,peugeot
306,peugeot
306,peugeot
306,peugeot
307,peugeot
307,peugeot
307,peugeot
307,peugeot
307,peugeot
307,peugeot
307,peugeot
307,peugeot
308,peugeot
308,peugeot
308,peugeot
308,peugeot
308,peugeot
308,peugeot
308,ferrari
309,peugeot
323,mazda
340,volvo
360,volvo
365,ferrari
400,ferrari
400,rover
404,peugeot
405,peugeot
405,peugeot
405,peugeot
405,peugeot
406,peugeot
406,peugeot
406,peugeot
406,peugeot
406,peugeot
407,peugeot
407,peugeot
407,peugeot
407,peugeot
407,peugeot
412,ferrari
440,volvo
458,ferrari
460,volvo
480,volvo
500,fiat
500,innocenti
504,peugeot
504,peugeot
504,peugeot
504,peugeot
504,peugeot
504,peugeot
505,peugeot
505,peugeot
508,peugeot
508,peugeot
508,peugeot
600,fiat
600,fiat
600,seat
600,dodge
600,rover
600,saab
604,peugeot
605,peugeot
605,peugeot
607,peugeot
607,peugeot
650,innocenti
800,rover
800,rover
800,rover
806,peugeot
807,peugeot
807,peugeot
818,mazda
850,fiat
850,seat
850,volvo
850,volvo
900,saab
900,saab
900,saab
911,porsche
911,porsche
911,porsche
911,porsche
911,porsche
911,porsche
911,porsche
911,porsche
911,porsche
911,porsche
911,porsche
911,porsche
911,porsche
911,porsche
911,porsche
911,porsche
911,porsche
911,porsche
911,porsche
911,porsche
911,porsche
911,porsche
911,porsche
911,porsche
912,porsche
912,porsche
914,porsche
924,porsche
928,porsche
928,porsche
928,porsche
928,porsche
929,mazda
929,mazda
929,mazda
940,volvo
940,volvo
944,porsche
944,porsche
959,porsche
960,volvo
960,volvo
968,porsche
968,porsche
990,innocenti
1007,peugeot
1050,skoda
1100,talbot
1200,lada
1210,dacia
1300,lada
1301,talbot
1307,talbot
1308,talbot
1309,talbot
1400,dacia
1500,lada
1501,talbot
1510,talbot
1600,lada
1609,talbot
1610,talbot
1750,alfa romeo
2008,peugeot
2500,triumph
3008,peugeot
3008,peugeot
4007,peugeot
4008,peugeot
5008,peugeot
5008,peugeot
9000,saab
9000,saab
1000,talbot
1005,talbot
1006,talbot
100nx,nissan
121,mazda
121,mazda
121,mazda
121,mazda
1502-2002 (e10),bmw
200,audi
200,audi
200,rover
200sx,nissan
200sx,nissan
200sx,nissan
240/243/244,aro
2500 - 3300 (e3),bmw
288 gto,ferrari
2cv,citroen
3000 gt,mitsubishi
300c,chrysler
300c,chrysler
300m,chrysler
300zx,nissan
308,peugeot
308,peugeot
3200gt,maserati
323,mazda
323,mazda
323,mazda
323,mazda
323,mazda
323,mazda
323,mazda
323,mazda
323,mazda
323,mazda
323,mazda
323,mazda
33,alfa romeo
33,alfa romeo
350z,nissan
350z,nissan
370z,nissan
370z,nissan
400,rover
400,rover
4c,alfa romeo
500,fiat
500,fiat
500,fiat
500,fiat
500,fiat
500,fiat
500,fiat
616/618/capella,mazda
626,mazda
626,mazda
626,mazda
626,mazda
626,mazda
626,mazda
626,mazda
626,mazda
740/760/780,volvo
740/760/780,volvo
740/760/780,volvo
740/760/780,volvo
740/760/780,volvo
8c,alfa romeo
8c,alfa romeo
9-3,saab
9-3,saab
9-3,saab
9-3,saab
9-3,saab
9-3,saab
9-3,saab
9-5,saab
9-5,saab
9-7 x,saab
90,audi
900,saab
900,saab
900,saab
929,mazda
929,mazda
929,mazda
929,mazda
a1,audi
a1,audi
a1,audi
a1,audi
a112,autobianchi
a2,audi
a3,audi
a3,audi
a3,audi
a3,audi
a3,audi
a3,audi
a3,audi
a3,audi
a3,audi
a3,audi
a3,audi
a3,audi
a3,audi
a3,audi
a3,audi
a3,audi
a3,audi
a3,audi
a3,audi
a4,audi
a4,audi
a4,audi
a4,audi
a4,audi
a4,audi
a4,audi
a4,audi
a4,audi
a4,audi
a4,audi
a4,audi
a4,audi
a4,audi
a4,audi
a4,audi
a4,audi
a4,audi
a4,audi
a4,audi
a4,audi
a4,audi
a4,audi
a4,audi
a4,audi
a4,audi
a4,audi
a4,audi
a4,audi
a4,audi
a5,audi
a5,audi
a5,audi
a5,audi
a5,audi
a5,audi
a5,audi
a5,audi
a6,audi
a6,audi
a6,audi
a6,audi
a6,audi
a6,audi
a6,audi
a6,audi
a6,audi
a6,audi
a6,audi
a6,audi
a6,audi
a6,audi
a6,audi
a6,audi
a6,audi
a6,audi
a6,audi
a6,audi
a6,audi
a6,audi
a6,audi
a6,audi
a6,audi
a6,audi
a6,audi
a6,audi
a7,audi
a7,audi
a7,audi
a8,audi
a8,audi
a8,audi
a8,audi
a8,audi
a8,audi
a8,audi
a8,audi
a8,audi
acadiane,citroen
accent,hyundai
accent,hyundai
accent,hyundai
accent,hyundai
accent,hyundai
acclaim,triumph
accord,honda
accord,honda
accord,honda
accord,honda
accord,honda
accord,honda
accord,honda
accord,honda
accord,honda
accord,honda
accord,honda
accord,honda
accord,honda
accord,honda
accord,honda
accord,honda
accord,honda
accord,honda
acty,honda
acty,honda
actyon,ssangyong
actyon,ssangyong
actyon,ssangyong
actyon,ssangyong
adam,opel
adam,vauxhall
aerostar,ford
agila,opel
agila,vauxhall
agila,opel
agila,vauxhall
albea,fiat
alero,chevrolet
alfa 6,alfa romeo
alfa gt,alfa romeo
alfasud,alfa romeo
alfetta,alfa romeo
alfetta,alfa romeo
alhambra,seat
alhambra,seat
alhambra,seat
allante,cadillac
allegro,austin
allegro,austin morris
almera,nissan
almera,nissan
almera,nissan
almera,nissan
almera,nissan
alpina,bmw
alpina,bmw
alpina,bmw
alpina,bmw
alpina,bmw
alpina,bmw
alpina,bmw
alpina,bmw
alpina,bmw
alpina,bmw
alpina,bmw
alpina,bmw
alpina,bmw
alpina,bmw
alpina,bmw
alpina,bmw
alpina,bmw
alpina,bmw
alpina,bmw
alpina,bmw
alpine,renault
alpine,renault
altea,seat
altea,seat
altea,seat
alto,suzuki
alto,suzuki
alto,suzuki
amarok,volkswagen
amarok,volkswagen
amarok,volkswagen
amarok,volkswagen
amarok,volkswagen
ambassador,austin
ambassador,austin morris
ami,citroen
amigo,isuzu
ampera,opel
ampera,vauxhall
antara,opel
antara,opel
antara,vauxhall
applause,daihatsu
ar6/ar8,alfa romeo
arena,opel
arena,vauxhall
argenta,fiat
aries,dodge
arna,alfa romeo
arnage,bentley
arosa,seat
arosa,seat
ascona,opel
aspen,dodge
astra,opel
astra,opel
astra,opel
astra,opel
astra,opel
astra,opel
astra,opel
astra,opel
astra,opel
astra,opel
astra,opel
astra,opel
astra,opel
astra,opel
astra,opel
astra,opel
astra,opel
astra,vauxhall
astra,vauxhall
astra,vauxhall
astra,vauxhall
astra,vauxhall
astra,vauxhall
astra,vauxhall
astra,vauxhall
astra,vauxhall
astramax,bedford
astravan,bedford
astravan,bedford
astro-van,chevrolet
asx,mitsubishi
asx,mitsubishi
atleon,nissan
atos,hyundai
atos,hyundai
atos,hyundai
ats,cadillac
auris,toyota
auris,toyota
auris,toyota
auris,toyota
avantime,renault
avenger,dodge
avensis,toyota
avensis,toyota
avensis,toyota
avensis,toyota
avensis,toyota
avensis,toyota
avensis,toyota
avensis,toyota
aveo,chevrolet
aveo,chevrolet
ax,citroen
ax,citroen
axel,citroen
aygo,toyota
aygo,toyota
aygo,toyota
aygo,toyota
azera,hyundai
azure,bentley
azure,bentley
b-max,ford
b9 tribeca,subaru
bagheera,talbot
baleno,suzuki
baleno,suzuki
barchetta,fiat
barchetta,fiat
beetle,volkswagen
belmont,vauxhall
beretta,chevrolet
berlingo,citroen
berlingo,citroen
berlingo,citroen
berlingo,citroen
berlingo,citroen
berlingo,citroen
berlingo,citroen
berlingo,citroen
berlingo,citroen
besta,kia
beta,lancia
beta,lancia
bighorn,isuzu
bipper,peugeot
bipper,peugeot
biturbo,maserati
biturbo,maserati
biturbo,maserati
blazer,chevrolet
blazer,chevrolet
blazer,chevrolet
blazer,chevrolet
bls,cadillac
bls,cadillac
bluebird,nissan
bluebird,nissan
bluebird,nissan
bongo,mazda
bongo,mazda
bongo,mazda
bongo,mazda
bonneville,pontiac
bora,volkswagen
bora,volkswagen
bora,maserati
boxer,peugeot
boxer,peugeot
boxer,peugeot
boxer,peugeot
boxer,peugeot
boxer,peugeot
boxer,peugeot
boxer,peugeot
boxer,peugeot
boxer,peugeot
boxer,peugeot
boxer,peugeot
boxer,peugeot
boxer,peugeot
boxer,peugeot
boxer,peugeot
boxer,peugeot
boxer,peugeot
boxer,peugeot
boxer,peugeot
boxer,peugeot
boxer,peugeot
boxer,peugeot
boxer,peugeot
boxer,peugeot
boxer,peugeot
boxer,peugeot
boxer,peugeot
boxer,peugeot
boxster,porsche
boxster,porsche
boxster,porsche
boxster,porsche
brat,subaru
brava,fiat
brava,vauxhall
bravo,fiat
bravo,fiat
bravo,fiat
brera,alfa romeo
bronco,ford
brooklands,bentley
brooklands,bentley
brougham,cadillac
brz,subaru
bt-50,mazda
bt-50,mazda
bt-50,mazda
bt-50,mazda
bt-50,mazda
bus-wide 55,daihatsu
bx,citroen
bx,citroen
c-crosser,citroen
c-max,ford
c-max,ford
c-max,ford
c-max,ford
c-zero,citroen
c1,citroen
c1,citroen
c1,citroen
c1,citroen
c15,citroen
c15,citroen
c15,citroen
c2,citroen
c2,citroen
c25,citroen
c25,citroen
c25,citroen
c3,citroen
c3,citroen
c3,citroen
c3,citroen
c3,citroen
c3,citroen
c3,citroen
c30,volvo
c30,volvo
c4,citroen
c4,citroen
c4,citroen
c4,citroen
c4,citroen
c4,citroen
c4,citroen
c4,citroen
c4,citroen
c4,citroen
c4,citroen
c5,citroen
c5,citroen
c5,citroen
c5,citroen
c5,citroen
c5,citroen
c5,citroen
c6,citroen
c70,volvo
c70,volvo
c70,volvo
c8,citroen
c8,citroen
c8,citroen
cabriolet,audi
cabstar,nissan
cabstar,nissan
caddy,volkswagen
caddy,volkswagen
caddy,volkswagen
caddy,volkswagen
caddy,volkswagen
caddy,volkswagen
caddy,volkswagen
caliber,dodge
caliber,dodge
calibra,opel
calibra,vauxhall
california,ferrari
california,ferrari
camaro,chevrolet
camaro,chevrolet
camaro,chevrolet
camaro,chevrolet
campagnola,fiat
campo,opel
campo,isuzu
camry,toyota
camry,toyota
camry,toyota
camry,toyota
canter,mitsubishi
cappuccino,suzuki
capri,ford
caprice,chevrolet
captiva,chevrolet
captiva,chevrolet
captiva,daewoo
captur,renault
caravan,dodge
carens,kia
carens,kia
carens,kia
carens,kia
carina,toyota
carina,toyota
carina,toyota
carina,toyota
carisma,mitsubishi
carisma,mitsubishi
carlton,vauxhall
carlton,vauxhall
carlton,vauxhall
carnival,kia
carnival,kia
carpat,aro
carrera gt,porsche
carry,suzuki
carstar/joice,kia
cascada,opel
cascada,vauxhall
cavalier,chevrolet
cavalier,vauxhall
cayenne,porsche
cayenne,porsche
cayenne,porsche
cayman,porsche
cayman,porsche
cedric,nissan
cedric,nissan
cee d,kia
cee d,kia
cee d,kia
cee d,kia
cee d,kia
cee d,kia
celebrity,chevrolet
celeste,mitsubishi
celica,toyota
celica,toyota
celica,toyota
celica,toyota
celica,toyota
celica,toyota
celica,toyota
celica,toyota
celica,toyota
centennial,hyundai
century,buick
cerato,kia
ceres,kia
cf,bedford
cf,vauxhall
challenger,dodge
charade,daihatsu
charade,daihatsu
charade,daihatsu
charade,daihatsu
charade,daihatsu
charger,dodge
charmant,daihatsu
cherokee,renault
cherokee,renault
cherokee,renault
cherokee,jeep
cherokee,jeep
cherokee,jeep
cherokee,jeep
cherokee,jeep
chevanne,vauxhall
chevelle,chevrolet
chevette,chevrolet
chevette,vauxhall
chrysler,talbot
cirrus,chrysler
citan,mercedes
citan,mercedes
citan,mercedes
citan,mercedes
citigo,skoda
city,honda
civic,honda
civic,honda
civic,honda
civic,honda
civic,honda
civic,honda
civic,honda
civic,honda
civic,honda
civic,honda
civic,honda
civic,honda
civic,honda
civic,honda
civic,honda
civic,honda
civic,honda
civic,honda
civic,honda
civic,honda
cj,chrysler
clarus,kia
clarus,kia
classe a,mercedes
classe a,mercedes
classe a,mercedes
classe a,mercedes
classe a,mercedes
classe b,mercedes
classe b,mercedes
classe b,mercedes
classe c,mercedes
classe c,mercedes
classe c,mercedes
classe c,mercedes
classe c,mercedes
classe c,mercedes
classe c,mercedes
classe c,mercedes
classe c,mercedes
classe cl,mercedes
classe cl,mercedes
classe cla,mercedes
classe clc,mercedes
classe clk,mercedes
classe clk,mercedes
classe clk,mercedes
classe clk,mercedes
classe cls,mercedes
classe cls,mercedes
classe cls,mercedes
classe cls,mercedes
classe e,mercedes
classe e,mercedes
classe e,mercedes
classe e,mercedes
classe e,mercedes
classe e,mercedes
classe e,mercedes
classe e,mercedes
classe e,mercedes
classe e,mercedes
classe e,mercedes
classe e,mercedes
classe e,mercedes
classe e,mercedes
classe e,mercedes
classe g,mercedes
classe g,mercedes
classe g,mercedes
classe gla,mercedes
classe glk,mercedes
classe glk,mercedes
classe glk,mercedes
classe m,mercedes
classe m,mercedes
classe m-gl,mercedes
classe m-gl,mercedes
classe m-gl,mercedes
classe m-gl,mercedes
classe r,mercedes
classe r,mercedes
classe s,mercedes
classe s,mercedes
classe s,mercedes
classe s,mercedes
classe s,mercedes
classe s,mercedes
classe s,mercedes
classe s,mercedes
classe s,mercedes
classe sl,mercedes
classe sl,mercedes
classe sl,mercedes
classe sl,mercedes
classe sl,mercedes
classe slk,mercedes
classe slk,mercedes
classe slk,mercedes
classe slk,mercedes
classe slk,mercedes
classe slr,mercedes
classe slr,mercedes
classe sls amg,mercedes
classe sls amg,mercedes
clio,renault
clio,renault
clio,renault
clio,renault
clio,renault
clio,renault
clio,renault
clio,renault
clio,renault
clio,renault
clio,renault
clio,renault
clio,renault
clio,renault
clio,renault
coccinelle,volkswagen
coccinelle,volkswagen
coccinelle,volkswagen
coccinelle,volkswagen
colt,mitsubishi
colt,mitsubishi
colt,mitsubishi
colt,mitsubishi
colt,mitsubishi
colt,mitsubishi
colt,mitsubishi
colt,mitsubishi
comanche,chrysler
combo,opel
combo,opel
combo,opel
combo,opel
combo,opel
commander,jeep
compass,jeep
compass,jeep
compass,jeep
concerto,honda
conquest,chrysler
continental,bentley
continental flying s,bentley
copen,daihatsu
cordia,mitsubishi
cordoba,seat
cordoba,seat
cordoba,seat
cordoba,seat
cordoba,chrysler
cordoba,seat
corniche,rolls royce
corolla,toyota
corolla,toyota
corolla,toyota
corolla,toyota
corolla,toyota
corolla,toyota
corolla,toyota
corolla,toyota
corolla,toyota
corolla,toyota
corolla,toyota
corolla,toyota
corolla,toyota
corolla,toyota
corolla,toyota
corolla,toyota
corolla x,toyota
corolla x,toyota
corona,toyota
corrado,volkswagen
corsa,opel
corsa,opel
corsa,opel
corsa,opel
corsa,opel
corsa,opel
corsa,opel
corsa,opel
corsica,chevrolet
corvette,chevrolet
corvette,chevrolet
corvette,chevrolet
corvette,chevrolet
corvette,chevrolet
corvette,chevrolet
corvette,chevrolet
corvette,chevrolet
corvette,chevrolet
cougar,ford
countach,lamborghini
coupe,audi
coupe,fiat
coupe,hyundai
coupe,hyundai
coupe,maserati
coupe,hyundai
coupe,hyundai
coupe,hyundai
coupe quattro,audi
courrier,ford
courrier,ford
courrier,ford
courrier,ford
courrier,ford
courrier,ford
cr-v,honda
cr-v,honda
cr-v,honda
cr-v,honda
cr-v,honda
cr-v,honda
cr-v,honda
cr-x,honda
cr-x,honda
cr-x,honda
cr-z,honda
cr-z,honda
crafter,volkswagen
crafter,volkswagen
crafter,volkswagen
crafter,volkswagen
crafter,volkswagen
crafter,volkswagen
crafter,volkswagen
crafter,volkswagen
cressida,toyota
croma,fiat
croma,fiat
croma,fiat
crossfire,chrysler
crossfire,chrysler
cruze,chevrolet
cruze,chevrolet
ct,lexus
ct,lexus
cts,cadillac
cts,cadillac
cts,cadillac
cube,nissan
cuore,daihatsu
cuore,daihatsu
cuore,daihatsu
cx,citroen
cx,citroen
cx-5,mazda
cx-7,mazda
cx-7,mazda
cx-9,mazda
cygnet,aston martin
d-max,isuzu
d-max,isuzu
d-max,isuzu
d-max,isuzu
d21,nissan
d21,nissan
d22/np300,nissan
d22/np300,nissan
d22/np300,nissan
d22/np300,nissan
d22/np300,nissan
d22/np300,nissan
dakota,dodge
daytona,chrysler
daytona,dodge
db7,aston martin
dbs,aston martin
dedra,lancia
dedra,lancia
defender,land rover
defender,land rover
defender,land rover
defender,land rover
defender,land rover
defender,land rover
defender,land rover
defender,land rover
defender,land rover
defender,land rover
defender,land rover
defender,land rover
defender,land rover
defender,land rover
defender,land rover
defender,land rover
defender,land rover
defender,land rover
defender,land rover
defender,land rover
defender,land rover
delta,chrysler
delta,lancia
delta,lancia
delta,lancia
delta,lancia
demio,mazda
deville,cadillac
diablo,lamborghini
diamante,mitsubishi
discovery,land rover
discovery,land rover
discovery,land rover
discovery,land rover
doblo,fiat
doblo,fiat
doblo,fiat
doblo,fiat
doblo,fiat
doblo,fiat
doblo,fiat
doblo,fiat
dokker,dacia
dokker,dacia
dokker,dacia
dolomite,triumph
domino,daihatsu
double six,daimler
ds,citroen
ds3,citroen
ds3,citroen
ds4,citroen
ds5,citroen
ducato,fiat
ducato,fiat
ducato,fiat
ducato,fiat
ducato,fiat
ducato,fiat
ducato,fiat
ducato,fiat
ducato,fiat
ducato,fiat
ducato,fiat
ducato,fiat
ducato,fiat
ducato,fiat
ducato,fiat
ducato,fiat
ducato,fiat
ducato,fiat
ducato,fiat
ducato,fiat
ducato,fiat
ducato,fiat
ducato,fiat
ducato,fiat
duna,fiat
duster,dacia
duster,dacia
dyane,citroen
dyna,toyota
dyna,toyota
dyna,toyota
dyna,toyota
dyna,toyota
dynasty,chrysler
dynasty,dodge
e class,chrysler
e12,subaru
eb 110,bugatti
eclat,lotus
eclipse,mitsubishi
econovan,ford
ecosport,ford
eight,bentley
elan,lotus
elantra,hyundai
elantra,hyundai
elantra,hyundai
elantra,hyundai
elba,innocenti
eldorado,cadillac
electra,buick
elise,lotus
elite,lotus
enzo,ferrari
eos,volkswagen
eos,volkswagen
eos,volkswagen
epica,chevrolet
epica,daewoo
es,chrysler
es,lexus
escalade,cadillac
escalade,cadillac
escape,toyota
escort,ford
escort,ford
escort,ford
escort,ford
escort,ford
escort,ford
escort,ford
escort,ford
escort,ford
escort,ford
escort,ford
escort,ford
escort,ford
escort,ford
escort,ford
escort,ford
escort,ford
escort,ford
escort,ford
escort,ford
escort,ford
espace,renault
espace,renault
espace,renault
espace,renault
espace,renault
espace,renault
espace,renault
espace,renault
espace,renault
espace,renault
espace,renault
espace,renault
espero,daewoo
esprit,lotus
estafette,renault
europa,lotus
evanda,chevrolet
evanda,daewoo
evasion,citroen
evora,lotus
excel,hyundai
excel,lotus
exeo,seat
exeo,seat
exige,lotus
expert,peugeot
expert,peugeot
expert,peugeot
expert,peugeot
expert,peugeot
expert,peugeot
expert,peugeot
expert,peugeot
expert,peugeot
expert,peugeot
expert,peugeot
expert,peugeot
expert,peugeot
expert,peugeot
explorer,ford
explorer,ford
express,renault
express,renault
express,renault
express,talbot
extol,daihatsu
f-type,jaguar
f-type,jaguar
f/tf,mg
f/tf,mg
f12,ferrari
f40,ferrari
f50,ferrari
fabia,skoda
fabia,skoda
fabia,skoda
fabia,skoda
fabia,skoda
fabia,skoda
fabia,skoda
family,ssangyong
favorit,skoda
favorit,skoda
favorit,skoda
felicia,skoda
felicia,skoda
felicia,skoda
felicia,skoda
felicia,skoda
feroza,daihatsu
ff,ferrari
fiero,pontiac
fiesta,ford
fiesta,ford
fiesta,ford
fiesta,ford
fiesta,ford
fiesta,ford
fiesta,ford
fiesta,ford
fiesta,ford
fiesta,ford
fiesta,ford
fiesta,ford
fiesta,ford
fiesta,ford
fifth avenue,chrysler
fiorino,fiat
fiorino,fiat
fiorino,fiat
fiorino,fiat
fiorino,fiat
fiorino,fiat
fiorino,fiat
fiorino,fiat
fiorino,fiat
fiorino,fiat
firebird,pontiac
firebird,pontiac
flavia,lancia
fleetwood,cadillac
fluence,renault
flying spur,rolls royce
focus,ford
focus,ford
focus,ford
focus,ford
focus,ford
focus,ford
focus,ford
focus,ford
focus,ford
forester,subaru
forester,subaru
forester,subaru
forester,subaru
forester,subaru
fox,volkswagen
fr-v,honda
freelander,land rover
freelander,land rover
freelander,land rover
freelander,land rover
freemont,fiat
frontera,opel
frontera,opel
frontera,opel
frontera,opel
frontera,opel
frontera,opel
frontera,opel
frontera,opel
frontera,vauxhall
fuego,renault
fura,seat
fusion,ford
fusion,ford
galant,mitsubishi
galant,mitsubishi
galant,mitsubishi
galant,mitsubishi
galaxy,ford
galaxy,ford
galaxy,ford
galaxy,ford
gallardo,lamborghini
gallardo,lamborghini
galloper,hyundai
gamma,lancia
gamma,lancia
gemini,isuzu
genesis,hyundai
genesis,hyundai
genesis,hyundai
genesis,hyundai
getz,hyundai
getz,hyundai
ghibli,maserati
ghibli,maserati
ghibli,maserati
ghost,rolls royce
giulia,alfa romeo
giulietta,alfa romeo
giulietta,alfa romeo
golf,volkswagen
golf,volkswagen
golf,volkswagen
golf,volkswagen
golf,volkswagen
golf,volkswagen
golf,volkswagen
golf,volkswagen
golf,volkswagen
golf,volkswagen
golf plus,volkswagen
golf plus,volkswagen
golf,volkswagen
golf,volkswagen
golf,volkswagen
golf,volkswagen
golf,volkswagen
golf,volkswagen
golf,volkswagen
golf,volkswagen
gran move,daihatsu
gran move,daihatsu
granada,ford
granada,ford
grand cherokee,jeep
grand cherokee,jeep
grand cherokee,jeep
grand cherokee,jeep
grand cherokee,jeep
grand cherokee,jeep
grand vitara,suzuki
grand vitara,suzuki
grand vitara,suzuki
grand vitara,suzuki
grand vitara,suzuki
grand-am,pontiac
grandeur,hyundai
grandis,mitsubishi
gransport,maserati
granta,lada
gs,citroen
gs,citroen
gs,chrysler
gs,lexus
gs,lexus
gs,lexus
gs,lexus
gs,lexus
gs,lexus
gs,lexus
gs,lexus
gs,lexus
gsa,citroen
gsa,citroen
gsa,citroen
gt,alfa romeo
gt,opel
gt,opel
gt-r,nissan
gt-r,nissan
gt86,toyota
gts,chrysler
gtv,alfa romeo
gtv,alfa romeo
gtv,alfa romeo
h1,hyundai
h1,hyundai
h1,hyundai
h1,hyundai
h1,hyundai
h100,hyundai
h100,hyundai
h100,hyundai
h100,hyundai
h100,hyundai
h2,hummer
h3,hummer
hi ace,toyota
hi ace,toyota
hi ace,toyota
hi ace,toyota
hi ace,toyota
hi ace,toyota
hi-topic,asia
hijet,daihatsu
hijet,daihatsu
hilux,toyota
hilux,toyota
hilux,toyota
hilux,toyota
hilux,toyota
hilux,toyota
hilux,toyota
hilux,toyota
hilux,toyota
hilux,toyota
hilux,toyota
hilux,toyota
hilux,toyota
hilux,toyota
horizon,talbot
hr-v,honda
hr-v,honda
hy,citroen
i-miev,mitsubishi
i10,hyundai
i10,hyundai
i20,hyundai
i20,hyundai
i3,bmw
i30,hyundai
i30,hyundai
i30,hyundai
i30,hyundai
i30,hyundai
i40,hyundai
i40,hyundai
ibiza,seat
ibiza,seat
ibiza,seat
ibiza,seat
ibiza,seat
ibiza,seat
ibiza,seat
ibiza,seat
idea,fiat
idea,fiat
ignis,suzuki
ignis,suzuki
ignis,suzuki
iltis,volkswagen
imperial,chrysler
impreza,subaru
impreza,subaru
impreza,subaru
impreza,subaru
impreza,subaru
inca,seat
inca,seat
indica,tata
insight,honda
insight,honda
insight,honda
insignia,opel
insignia,opel
insignia,opel
insignia,vauxhall
integra,honda
integra,honda
interstar,nissan
interstar,nissan
interstar,nissan
interstar,nissan
interstar,nissan
interstar,nissan
interstar,nissan
interstar,nissan
intrepid,chrysler
intrepid,dodge
ion,peugeot
iq,toyota
is,lexus
is,lexus
is,lexus
is,lexus
is,lexus
is,lexus
is,lexus
is,lexus
is,lexus
ix20,hyundai
ix35,hyundai
ix55,hyundai
j5,peugeot
j5,peugeot
j5,peugeot
j7,peugeot
j9,peugeot
j9,peugeot
j9,peugeot
jalpa,lamborghini
jazz,honda
jazz,honda
jazz,honda
jetta,volkswagen
jetta,volkswagen
jetta,volkswagen
jetta,volkswagen
jimny,suzuki
jimny,suzuki
journey,dodge
juke,nissan
jumper,citroen
jumper,citroen
jumper,citroen
jumper,citroen
jumper,citroen
jumper,citroen
jumper,citroen
jumper,citroen
jumper,citroen
jumper,citroen
jumper,citroen
jumper,citroen
jumper,citroen
jumper,citroen
jumper,citroen
jumper,citroen
jumper,citroen
jumper,citroen
jumper,citroen
jumper,citroen
jumper,citroen
jumper,citroen
jumper,citroen
jumper,citroen
jumper,citroen
jumper,citroen
jumper,citroen
jumper,citroen
jumper,citroen
jumper,citroen
jumper,citroen
jumper,citroen
jumper,citroen
jumper,citroen
jumpy,citroen
jumpy,citroen
jumpy,citroen
jumpy,citroen
jumpy,citroen
jumpy,citroen
jumpy,citroen
jumpy,citroen
jumpy,citroen
jumpy,citroen
jumpy,citroen
justy,subaru
justy,subaru
justy,subaru
k2500,kia
k2500,kia
k2500,kia
k2500,kia
k2700,kia
k2700,kia
k2700,kia
ka,ford
ka,ford
ka,ford
ka,ford
kadett,opel
kadett,opel
kadett,opel
kadett,opel
kalina,lada
kalos,chevrolet
kalos,daewoo
kangoo,renault
kangoo,renault
kangoo,renault
kangoo,renault
kangoo,renault
kangoo,renault
kangoo,renault
kangoo,renault
kappa,lancia
kappa,lancia
kappa,lancia
karif,maserati
kb,vauxhall
kb pick-up,isuzu
khamsin,maserati
kizashi,suzuki
koleos,renault
koleos,renault
koleos,renault
korando,daewoo
korando,ssangyong
korando,ssangyong
korando,ssangyong
korando,ssangyong
kubistar,nissan
kuga,ford
kuga,ford
kyalami,maserati
kyron,ssangyong
kyron,ssangyong
l200,mitsubishi
l200,mitsubishi
l200,mitsubishi
l200,mitsubishi
l200,mitsubishi
l200,mitsubishi
l200,mitsubishi
l200,mitsubishi
l200,mitsubishi
lacetti,chevrolet
lacetti,daewoo
lacetti,chevrolet
lacetti,daewoo
lagonda,aston martin
laguna,renault
laguna,renault
laguna,renault
laguna,renault
laguna,renault
laguna,renault
laguna,renault
laguna,renault
laguna,renault
laguna,renault
laguna,renault
laguna,renault
laguna,renault
lancer,dodge
lancer,mitsubishi
lancer,mitsubishi
lancer,mitsubishi
lancer,mitsubishi
lancer,mitsubishi
lancer,mitsubishi
lancer,mitsubishi
lancer,mitsubishi
lancer,mitsubishi
lancer,mitsubishi
lancer x,mitsubishi
land cruiser,toyota
land cruiser,toyota
land cruiser,toyota
land cruiser,toyota
land cruiser,toyota
land cruiser,toyota
land cruiser,toyota
land cruiser,toyota
land cruiser,toyota
land cruiser,toyota
land cruiser,toyota
land cruiser,toyota
lanos,daewoo
lanos,daewoo
laser,chrysler
latitude,renault
laurel,nissan
le baron,chrysler
le baron,chrysler
le baron,chrysler
le sabre,buick
leaf,nissan
leaf,nissan
legacy,subaru
legacy,subaru
legacy,subaru
legacy,subaru
legacy,subaru
legacy,subaru
legacy,subaru
legacy,subaru
leganza,daewoo
legend,honda
legend,honda
legend,honda
legend,honda
legend,honda
legend,honda
legend,honda
leon,seat
leon,seat
leon,seat
leon,seat
leon,seat
leon,seat
leone,subaru
leone,subaru
lfa,lexus
liana,suzuki
liana,suzuki
linea,fiat
lite ace,toyota
lite ace,toyota
lite ace,toyota
lite ace,toyota
lite ace,toyota
ln,citroen
lna,citroen
lodgy,dacia
logan,dacia
logan,dacia
logan,dacia
logan,dacia
logan,dacia
logan,dacia
logo,honda
ls,lexus
ls,lexus
ls,lexus
ls,lexus
lt,volkswagen
lt,volkswagen
lt,volkswagen
lt,volkswagen
lt,volkswagen
lt,volkswagen
lt,volkswagen
lt,volkswagen
lumina,chevrolet
lupo,volkswagen
lybra,lancia
lybra,lancia
macan,porsche
maestro,mg
maestro,rover
magentis,kia
magentis,kia
malaga,seat
malibu,chevrolet
malibu,chevrolet
manta,vauxhall
marbella,seat
marea,fiat
marea,fiat
marengo,fiat
marina,austin
marina,austin morris
mascott,renault
master,renault
master,renault
master,renault
master,renault
master,renault
master,renault
master,renault
master,renault
master,renault
master,renault
master,renault
master,renault
master,renault
master,renault
master,renault
master,renault
master,renault
master,renault
master,renault
master,renault
master,renault
master,renault
master,renault
master,renault
master,renault
master,renault
master,renault
master,renault
master,renault
materia,daihatsu
matiz,chevrolet
matiz,daewoo
matiz,daewoo
matiz,chevrolet
matiz,chevrolet
matiz,daewoo
matrix,hyundai
matrix,hyundai
matrix,hyundai
maverick,ford
maverick,ford
maverick,ford
maxi,austin
maxi,austin morris
maxima,nissan
maxima,nissan
maxima,nissan
maxity,renault
mazda 2,mazda
mazda 2,mazda
mazda 2,mazda
mazda 2,mazda
mazda 3,mazda
mazda 3,mazda
mazda 3,mazda
mazda 3,mazda
mazda 3,mazda
mazda 5,mazda
mazda 5,mazda
mazda 5,mazda
mazda 5,mazda
mazda 5,mazda
mazda 5,mazda
mazda 5,mazda
mazda 6,mazda
mazda 6,mazda
mazda 6,mazda
mazda 6,mazda
mazda 6,mazda
mazda 6,mazda
mc12,maserati
megane,renault
megane,renault
megane,renault
megane,renault
megane,renault
megane,renault
megane,renault
megane,renault
megane,renault
megane,renault
megane,renault
megane,renault
megane,renault
megane,renault
megane,renault
megane,renault
megane,renault
megane,renault
megane,renault
megane,renault
megane,renault
megane,renault
megane,renault
megane,renault
megane,renault
megane,renault
megane,renault
megane,renault
mehari,citroen
mentor,kia
merak,maserati
meriva,opel
meriva,opel
meriva,opel
meriva,opel
metro,mg
metro,rover
micra,nissan
micra,nissan
micra,nissan
micra,nissan
micra,nissan
micra,nissan
micra,nissan
midget,mg
midi,bedford
midi,isuzu
midi,vauxhall
mii,seat
mini,innocenti
mini,rover
mini,rover
mini,mini
mini,mini
mini,mini
mini,mini
mini,mini
mini,mini
mini,mini
mini,mini
mini,mini
mini,mini
mini,mini
mini,mini
mini,mini
mini,mini
mini jumbo,subaru
mini ram,dodge
mito,alfa romeo
model f,toyota
modus,renault
modus,renault
modus,renault
moke,rover
mokka,opel
mokka,vauxhall
monaco,dodge
mondeo,ford
mondeo,ford
mondeo,ford
mondeo,ford
mondeo,ford
mondeo,ford
mondeo,ford
mondeo,ford
mondial,ferrari
monte carlo,chevrolet
montego,mg
montego,rover
monterey,opel
monterey,vauxhall
monterey,opel
montero,mitsubishi
montreal,alfa romeo
monza,opel
monza,chevrolet
movano,opel
movano,opel
movano,opel
movano,opel
movano,opel
movano,opel
movano,opel
movano,opel
movano,opel
movano,opel
movano,opel
movano,opel
movano,opel
movano,opel
movano,opel
movano,opel
movano,opel
movano,opel
movano,opel
movano,vauxhall
movano,vauxhall
move,daihatsu
mpv,mazda
mpv,mazda
mpv,mazda
mr,toyota
mr,toyota
mr,toyota
mulsanne,bentley
multipla,fiat
multipla,fiat
multipla,fiat
murano,nissan
murano,nissan
murano,nissan
murcielago,lamborghini
murcielago,lamborghini
murena,talbot
musa,lancia
musa,lancia
musso,daewoo
musso,ssangyong
musso,ssangyong
mustang,ford
mustang,ford
mustang,ford
mustang,ford
mv,subaru
mx-3,mazda
mx5,mazda
mx5,mazda
mx5,mazda
mx5,mazda
mx5,mazda
mx5,mazda
n series,isuzu
n series,isuzu
natacha,lada
navara,nissan
navara,nissan
nemo,citroen
nemo,citroen
neon,chrysler
neon,dodge
new beetle,volkswagen
new beetle,volkswagen
new yorker,chrysler
newport,chrysler
nexia,daewoo
nitro,dodge
niva,lada
note,nissan
note,nissan
note,nissan
nova,chevrolet
nova,vauxhall
np300,nissan
nsx,honda
nsx,honda
nubira,chevrolet
nubira,chevrolet
nubira,daewoo
nubira,daewoo
nubira,daewoo
nv200,nissan
nv200,nissan
nv200,nissan
nv200,nissan
nv400,nissan
nv400,nissan
nv400,nissan
nv400,nissan
nv400,nissan
nv400,nissan
nv400,nissan
nv400,nissan
nv400,nissan
nx,lexus
octavia,skoda
octavia,skoda
octavia,skoda
octavia,skoda
octavia,skoda
octavia,skoda
octavia,skoda
octavia,skoda
octavia,skoda
octavia,skoda
octavia,skoda
omega,opel
omega,opel
omega,opel
omega,opel
omega,opel
omega,opel
omega,lotus
omega,vauxhall
omni,dodge
opirus,kia
opirus,kia
optima,kia
orion,ford
orion,ford
orlando,chevrolet
outback,subaru
outback,subaru
outback,subaru
outlander,mitsubishi
outlander,mitsubishi
outlander,mitsubishi
outlander,mitsubishi
outlander,mitsubishi
p4,peugeot
p4,peugeot
pajero,mitsubishi
pajero,mitsubishi
pajero,mitsubishi
pajero,mitsubishi
pajero,mitsubishi
pajero,mitsubishi
pajero,mitsubishi
pajero,mitsubishi
pajero,mitsubishi
pajero pinin,mitsubishi
pajero pinin,mitsubishi
pajero sport,mitsubishi
palio,fiat
palio,fiat
panamera,porsche
panda,fiat
panda,seat
panda,fiat
panda,fiat
panda,fiat
park avenue,buick
park ward,rolls royce
partner,peugeot
partner,peugeot
partner,peugeot
partner,peugeot
partner,peugeot
partner,peugeot
partner,peugeot
partner,peugeot
partner,peugeot
partner,peugeot
paseo,toyota
paseo,toyota
passat,volkswagen
passat,volkswagen
passat,volkswagen
passat,volkswagen
passat,volkswagen
passat,volkswagen
passat,volkswagen
passat,volkswagen
passat,volkswagen
passat,volkswagen
passat,volkswagen
passat,volkswagen
passat,volkswagen
passat,volkswagen
pathfinder,nissan
pathfinder,nissan
pathfinder,nissan
patriot,jeep
patriot,jeep
patrol,nissan
patrol,nissan
patrol,nissan
patrol,nissan
phaeton,volkswagen
phaeton,volkswagen
phantom,rolls royce
phedra,lancia
phedra,lancia
phoenix,pontiac
piazza,isuzu
picanto,kia
picanto,kia
picanto,kia
picnic,toyota
pixo,nissan
polo,volkswagen
polo,volkswagen
polo,volkswagen
polo,volkswagen
polo,volkswagen
polo,volkswagen
polo,volkswagen
polo,volkswagen
polo,volkswagen
polo,volkswagen
polo,volkswagen
pony,hyundai
pony,hyundai
pony,hyundai
pony,hyundai
pony,hyundai
prairie,nissan
prairie,nissan
praktik,skoda
pregio,kia
prelude,honda
prelude,honda
prelude,honda
prelude,honda
prelude,honda
premacy,mazda
premacy,mazda
previa,toyota
pride,kia
pride,kia
primastar,nissan
primera,nissan
princess,austin
princess,austin morris
princess,rover
priora,lada
prisma,lancia
prius,toyota
proace,toyota
probe,ford
pt cruiser,chrysler
pulsar,nissan
puma,ford
punto,fiat
punto,fiat
punto,fiat
punto,fiat
punto,fiat
punto,fiat
punto,fiat
punto,fiat
punto,fiat
q3,audi
q3,audi
q5,audi
q5,audi
q7,audi
q7,audi
qashqai,nissan
qashqai,nissan
qashqai,nissan
quattroporte,maserati
quattroporte,maserati
quattroporte,maserati
quattroporte,maserati
quintet,honda
r19,renault
r19,renault
r19,renault
r19,renault
r19,renault
r19,renault
r21,renault
r21,renault
r21,renault
r21,renault
r25,renault
r25,renault
r4,renault
r8,audi
r8,audi
rancho,talbot
range rover,land rover
range rover,land rover
range rover,land rover
range rover,land rover
range rover,land rover
range rover,land rover
range rover,land rover
range rover,land rover
range rover,land rover
range rover,land rover
ranger,ford
ranger,ford
ranger,ford
ranger,ford
ranger,ford
ranger,ford
ranger,ford
ranger,ford
ranger,ford
rapid,skoda
rapid,skoda
rapide,aston martin
rascal,bedford
rascal,vauxhall
rav 4,toyota
rav 4,toyota
rav 4,toyota
rav 4,toyota
rav 4,toyota
rav 4,toyota
rav 4,toyota
rav 4,toyota
rav 4,toyota
rcz,peugeot
rcz,peugeot
regata,fiat
regata,fiat
regata,fiat
regata,fiat
retona,kia
rexton,daewoo
rexton,ssangyong
rexton,ssangyong
rezzo,chevrolet
rezzo,daewoo
rezzo,daewoo
rio,alfa romeo
rio,kia
rio,kia
rio,kia
rio,kia
rio,kia
rio,kia
rio,kia
rio,kia
ritmo,fiat
ritmo,fiat
ritmo,fiat
ritmo,fiat
ritmo,fiat
ritmo,fiat
riviera,buick
rocky,daihatsu
rocky,daihatsu
rocsta,asia
rodius,ssangyong
rodius,ssangyong
rodius,ssangyong
ronda,seat
roomster,skoda
roomster,skoda
roomster,skoda
royale,vauxhall
runner,toyota
rx,lexus
rx,lexus
rx,lexus
rx,lexus
rx,lexus
rx,lexus
rx-7,mazda
rx-7,mazda
rx-7,mazda
rx-7,mazda
rx-8,mazda
rx-8,mazda
rz,alfa romeo
s-max,ford
s-max,ford
s-type,jaguar
s-type,jaguar
s-type,jaguar
s2000,honda
s2000,honda
s40,volvo
v40,volvo
s60,volvo
v60,volvo
xc60,volvo
s70,volvo
v70,volvo
xc70,volvo
s80,volvo
s90,volvo
v90,volvo
xc90,volvo
safari,tata
safrane,renault
safrane,renault
sagona,lada
samara,lada
samba,talbot
samurai,suzuki
sandero,dacia
santa fe,hyundai
santana,volkswagen
sapporo,mitsubishi
saratoga,chrysler
satellite,hyundai
satellite,hyundai
saxo,citroen
saxo,citroen
sc,lexus
scenic,renault
scirocco,volkswagen
scorpio,ford
scorpio,ford
scorpio,ford
scorpio,ford
scorpio,ford
scoupe,hyundai
scudo,fiat
scudo,fiat
scudo,fiat
scudo,fiat
scudo,fiat
scudo,fiat
scudo,fiat
scudo,fiat
scudo,fiat
sebring,chrysler
sebring,chrysler
sebring,chrysler
sebring,chrysler
sedici,fiat
sedici,fiat
senator,opel
sephia,kia
sephia,kia
serena,nissan
serena,nissan
serie 1,bmw
serie 1,bmw
serie 1,bmw
serie 1,bmw
serie 1,bmw
serie 1,bmw
serie 1,bmw
serie 1,bmw
serie 1,bmw
serie 1,bmw
serie 2,bmw
serie 2,bmw
serie 3,bmw
serie 3,bmw
serie 3,bmw
serie 3,bmw
serie 3,bmw
serie 3,bmw
serie 3,bmw
serie 3,bmw
serie 3,bmw
serie 3,bmw
serie 3,bmw
serie 3,bmw
serie 3,bmw
serie 3,bmw
serie 3,bmw
serie 3,bmw
serie 3,bmw
serie 3,bmw
serie 3,bmw
serie 3,bmw
serie 3,bmw
serie 3,bmw
serie 3,bmw
serie 3,bmw
serie 3,bmw
serie 3,bmw
serie 4,bmw
serie 4,bmw
serie 4,bmw
serie 5,bmw
serie 5,bmw
serie 5,bmw
serie 5,bmw
serie 5,bmw
serie 5,bmw
serie 5,bmw
serie 5,bmw
serie 5,bmw
serie 5,bmw
serie 5,bmw
serie 5,bmw
serie 5,bmw
serie 5,bmw
serie 5,bmw
serie 5,bmw
serie 6,bmw
serie 6,bmw
serie 6,bmw
serie 6,bmw
serie 6,bmw
serie 6,bmw
serie 6,bmw
serie 6,bmw
serie 7,bmw
serie 7,bmw
serie 7,bmw
serie 7,bmw
serie 7,bmw
serie 7,bmw
serie 7,bmw
serie 7,bmw
serie 7,bmw
serie 7,bmw
serie 7,bmw
serie 8,bmw
serie m,bmw
serie x,suzuki
series b,mazda
series b,mazda
series b,mazda
series b,mazda
series b,mazda
series b,mazda
series b,mazda
series b,mazda
series e,mazda
series e,mazda
series e,mazda
seville,cadillac
seville,cadillac
seville,cadillac
shadow,dodge
shamal,maserati
sharan,volkswagen
sharan,volkswagen
sharan,volkswagen
sharan,volkswagen
shifter,dacia
shifter,subaru
shuma,kia
shuma,kia
shuttle,honda
sidekick,suzuki
sierra,ford
sierra,ford
sierra,ford
sierra,ford
sigma,mitsubishi
signum,opel
signum,opel
signum,vauxhall
silver dawn,rolls royce
silver seraph,rolls royce
silver spirit,rolls royce
silver spur,rolls royce
silverado,chevrolet
silvia,nissan
silvia,nissan
sintra,opel
sintra,vauxhall
sirion,daihatsu
sirion,daihatsu
sirion,daihatsu
six,daimler
skyhawk,buick
skylark,buick
solara,talbot
solenza,dacia
sonata,hyundai
sonata,hyundai
sonata,hyundai
sonata,hyundai
sonata,hyundai
sonata,hyundai
sonata,hyundai
sorento,kia
sorento,kia
sorento,kia
sorento,kia
soul,kia
soul,kia
sovereign,daimler
space gear,mitsubishi
space runner,mitsubishi
space star,mitsubishi
space star,mitsubishi
space wagon,mitsubishi
space wagon,mitsubishi
space wagon,mitsubishi
spark,chevrolet
spark,chevrolet
spectrum,chevrolet
speedster,opel
spider,alfa romeo
spider,fiat
spider,renault
spider,alfa romeo
spider,alfa romeo
spirit,dodge
spitfire,triumph
splash,suzuki
sportage,kia
sportage,kia
sportage,kia
sportage,kia
sportage,kia
sprint,alfa romeo
sprinter,mercedes
sprinter,mercedes
sprinter,mercedes
sprinter,mercedes
sprinter,mercedes
sprinter,mercedes
sprinter,mercedes
sprinter,mercedes
sprinter,mercedes
sprinter,mercedes
sprinter,mercedes
sprinter,mercedes
spyder,maserati
srx,cadillac
srx,cadillac
stag,triumph
stanza,nissan
starion,mitsubishi
starlet,toyota
starlet,toyota
starlet,toyota
stealth,dodge
stellar,hyundai
stilo,fiat
stilo,fiat
stilo,fiat
strada,fiat
strada,fiat
strada,fiat
strada,fiat
stratus,chrysler
stratus,chrysler
stratus,dodge
stream,honda
stream,honda
streetwise,rover
sts,cadillac
suburban,chevrolet
suburban,chevrolet
suburban,chevrolet
sunbeam,talbot
sunbird,pontiac
sunny,nissan
sunny,nissan
sunny,nissan
sunny,nissan
sunny,nissan
sunny,nissan
sunny,nissan
sunny,nissan
super 5,renault
super eight,daimler
superb,skoda
superb,skoda
superb,skoda
superb,skoda
superb,skoda
superb,skoda
supra,toyota
supra,toyota
supra,toyota
svx,subaru
swift,suzuki
swift,suzuki
swift,suzuki
swift,suzuki
swift,suzuki
swift,suzuki
sx4,suzuki
sx4,suzuki
sx4,suzuki
sz,alfa romeo
tacuma,daewoo
tagora,talbot
tahoe,chevrolet
talento,fiat
taro,volkswagen
taro,volkswagen
taro,volkswagen
taunus,ford
taunus,ford
taurus,ford
taurus,ford
tc by maserati,chrysler
tempra,fiat
tempra,fiat
tercel,toyota
terios,daihatsu
terios,daihatsu
terios,daihatsu
terios,daihatsu
terra,seat
terracan,hyundai
terrano,nissan
terrano,nissan
terrano,nissan
terrano,nissan
terrano,nissan
terrano,nissan
terroir,aro
testarossa,ferrari
thema,lancia
thema,lancia
thema,lancia
thesis,lancia
tigra,opel
tigra,opel
tigra,vauxhall
tigra,vauxhall
tiguan,volkswagen
tiguan,volkswagen
tiida,nissan
tipo,fiat
toledo,seat
toledo,triumph
toledo,seat
toledo,seat
toledo,seat
touareg,volkswagen
touareg,volkswagen
touareg,volkswagen
touareg,volkswagen
touran,volkswagen
touran,volkswagen
touran,volkswagen
tourneo,ford
tourneo,ford
tourneo,ford
town & country,chrysler
town & country,chrysler
town & country,chrysler
trade,nissan
trafic,renault
trafic,renault
trafic,renault
trafic,renault
trafic,renault
trafic,renault
trafic,renault
trafic,renault
trafic,renault
trafic,renault
trafic,renault
trafic,renault
trafic,renault
trafic,renault
trafic,renault
trafic,renault
trafic,renault
trafic,renault
trafic,renault
trafic,renault
trafic,renault
trafic,renault
trafic,renault
trafic,renault
trafic,renault
trafic,renault
trafic,renault
trafic,renault
trafic,renault
trajet,hyundai
trajet,hyundai
trans,seat
trans sport,chevrolet
trans sport,pontiac
transit,ford
transit,ford
transit,ford
transit,ford
transit,ford
transit,ford
transit,ford
transit,ford
transit,ford
transit,ford
transit,ford
transit,ford
transit,ford
transit,ford
transit,ford
transit,ford
transit,ford
transit,ford
transit,ford
transit,ford
transit,ford
transit,ford
transit,ford
transit,ford
transit,ford
transit,ford
transit,ford
transit,ford
transit,ford
transit,ford
transit,ford
transit,ford
transit,ford
transit,ford
transit,ford
transit,ford
transit,ford
transit,ford
transit,ford
transit,ford
transit,ford
transit,ford
transit,ford
transit,ford
transit,ford
transit,ford
transit,ford
transit,ford
transit/tourneo,ford
transit/tourneo,ford
transit/tourneo,ford
transit/tourneo,ford
transit/tourneo,ford
transit/tourneo,ford
transit/tourneo,ford
transporter,volkswagen
transporter,volkswagen
transporter,volkswagen
transporter,volkswagen
transporter,volkswagen
transporter,volkswagen
transporter,volkswagen
transporter,volkswagen
transporter,volkswagen
transporter,volkswagen
transporter,volkswagen
transporter,volkswagen
transporter,volkswagen
transporter,volkswagen
transporter,volkswagen
transporter,volkswagen
trax,chevrolet
tredia,mitsubishi
trevi,lancia
trevis,daihatsu
trezia,subaru
tribeca,subaru
tribute,mazda
trooper,isuzu
trooper,isuzu
trueno,toyota
tt,audi
tt,audi
tt,audi
tt,audi
tt,audi
tt,audi
tt,audi
tt,audi
tt,audi
tucson,hyundai
twingo,renault
twingo,renault
twingo,renault
twingo,renault
twingo,renault
twingo,renault
twingo,renault
twizy,renault
ulysse,fiat
ulysse,fiat
ulysse,fiat
uno,fiat
uno,fiat
up,volkswagen
urban cruiser,toyota
urvan,nissan
v50,volvo
v8,aston martin
v8,aston martin
v8,audi
v8,aston martin
v8,aston martin
van,isuzu
vaneo,mercedes
vanette,nissan
vanette,nissan
vanette,nissan
vanille,subaru
vanquish,aston martin
vanquish,aston martin
vario,mercedes
vario,mercedes
vario,mercedes
vectra,opel
vectra,opel
vectra,opel
vectra,opel
vectra,opel
vectra,opel
veloster,hyundai
velsatis,renault
velsatis,renault
venga,kia
vento,volkswagen
verso,toyota
verso,toyota
verso,toyota
viano-vito,mercedes
viano-vito,mercedes
viano-vito,mercedes
viano-vito,mercedes
viano-vito,mercedes
viceroy,vauxhall
viper,chrysler
viper,chrysler
viper,dodge
virage,aston martin
virage,aston martin
visa,citroen
vision,chrysler
vision,chrysler
vitara,suzuki
vitara,suzuki
vito-classe,mercedes
vito-classe,mercedes
vito-classe,mercedes
viva,vauxhall
vivaro,opel
vivaro,opel
vivaro,opel
vivaro,opel
vivaro,opel
vivaro,vauxhall
vivaro,opel
vivaro,opel
vivaro,opel
vivaro,vauxhall
vivio,subaru
volt,chevrolet
voyager,chrysler
voyager,lancia
voyager,chrysler
voyager,chrysler
voyager,chrysler
voyager,chrysler
vx,vauxhall
w450,smart
w450,smart
w450,smart
w450,smart
w451,smart
w451,smart
w452,smart
w452,smart
w454,smart
wagon r,suzuki
wagon r,suzuki
wagon r,suzuki
wagoneer,chrysler
wagoneer,chrysler
wind,renault
windstar,ford
wrangler,renault
wrangler,jeep
wrangler,jeep
wrangler,jeep
wrangler,jeep
wrx,subaru
x 1/9,fiat
x-trail,nissan
x-trail,nissan
x-trail,nissan
x-trail,nissan
x-trail,nissan
x-type,jaguar
x-type,jaguar
x1,bmw
x1,bmw
x3,bmw
x3,bmw
x3,bmw
x300,daimler
x4,bmw
x5,bmw
x5,bmw
x5,bmw
x5,bmw
x5,bmw
x6,bmw
x6,bmw
x6,bmw
x90,suzuki
xantia,citroen
xantia,citroen
xantia,citroen
xantia,citroen
xedos,mazda
xedos,mazda
xf,jaguar
xf,jaguar
xg,hyundai
xg,hyundai
xj,jaguar
xj,jaguar
xj,jaguar
xj,jaguar
xj,jaguar
xj,jaguar
xj,jaguar
xj,jaguar
xj,jaguar
xj,jaguar
xj,jaguar
xj,jaguar
xj,jaguar
xj,jaguar
xj,jaguar
xj,jaguar
xj,jaguar
xj,jaguar
xjs,jaguar
xjs,jaguar
xjs,jaguar
xk,jaguar
xk,jaguar
xk,jaguar
xk,jaguar
xk,jaguar
xk,jaguar
xk,jaguar
xk,jaguar
xlr,cadillac
xm,citroen
xm,citroen
xsara,citroen
xsara,citroen
xsara,citroen
xsara,citroen
xsara,citroen
xsara,citroen
xsara,citroen
xsara,citroen
xv,subaru
y,lancia
y10,lancia
y10,lancia
yaris,toyota
yaris,toyota
yaris,toyota
yaris,toyota
yaris,toyota
yaris,toyota
yaris,toyota
yeti,skoda
yeti,skoda
ypsilon,lancia
ypsilon,lancia
ypsilon,lancia
ypsilon,chrysler
yrv,daihatsu
z1,bmw
z3,bmw
z3,bmw
z4,bmw
z4,bmw
z4,bmw
z4,bmw
z8,bmw
zafira,opel
zafira,opel
zafira,opel
zafira,opel
zafira,opel
zeta,lancia
zoe,renault
zr,mg
zr,mg
zs,mg
zs,mg
zt,mg
zt,mg
zx,citroen
zx,citroen
zx,citroen
