1000,talbot
1005,talbot
1006,talbot
1007,peugeot
100,audi
100nx,nissan
100,rover
104,peugeot
1050,skoda
106,peugeot
107,peugeot
108,peugeot
1100,talbot
110,lada
1200,lada
1210,dacia
121,mazda
124,fiat
124,seat
125,fiat
126,fiat
127,fiat
127,seat
128,fiat
1300,lada
1301,talbot
1307,talbot
1308,talbot
1309,talbot
130,fiat
131,fiat
131,seat
132,fiat
133,fiat
133,seat
1400,dacia
145,alfa romeo
146,alfa romeo
147,alfa romeo
1500,lada
1501,talbot
1500,bmw
1600,bmw
1800,bmw
2000,bmw
1510,talbot
155,alfa romeo
156,alfa romeo
159,alfa romeo
1600,lada
1609,talbot
1610,talbot
164,alfa romeo
166,alfa romeo
1750,alfa romeo
190,mercedes
2008,peugeot
200,audi
200,rover
200sx,nissan
204,peugeot
205,peugeot
206,peugeot
207,peugeot
208,ferrari
208,peugeot
228,maserati
238,fiat
240/243/244,aro
240,volvo
241,fiat
246,ferrari
2500 - 3300 (e3),bmw
2500,triumph
25,rover
260,volvo
288 gto,ferrari
2cv,citroen
3000 gt,mitsubishi
3008,peugeot
300c,chrysler
300m,chrysler
300zx,nissan
304,peugeot
305,peugeot
306,peugeot
307,peugeot
308,ferrari
308,peugeot
309,peugeot
3200gt,maserati
323,mazda
33,alfa romeo
340,volvo
350z,nissan
360,volvo
365,ferrari
370z,nissan
4007,peugeot
4008,peugeot
400,ferrari
400,rover
404,peugeot
405,peugeot
406,peugeot
407,peugeot
412,ferrari
440,volvo
458,ferrari
45,rover
460,volvo
480,volvo
4c,alfa romeo
5008,peugeot
500,fiat
500,innocenti
504,peugeot
505,peugeot
508,peugeot
50,audi
600,dodge
600,fiat
600,rover
600,saab
600,seat
604,peugeot
605,peugeot
607,peugeot
616,mazda
618,mazda
capella,mazda
626,mazda
650,innocenti
66,volvo
740,volvo
760,volvo
780,volvo
75,alfa romeo
75,rover
800,rover
806,peugeot
807,peugeot
80,audi
818,mazda
850,fiat
850,seat
850,volvo
8c,alfa romeo
9000,saab
900,saab
90,alfa romeo
90,audi
90,saab
911,porsche
912,porsche
914,porsche
924,porsche
928,porsche
929,mazda
9-3,saab
940,volvo
944,porsche
959,porsche
9-5,saab
960,volvo
968,porsche
9-7 x,saab
990,innocenti
99,saab
a112,autobianchi
a1,audi
a2,audi
a3,audi
a4,audi
a5,audi
a6,audi
a7,audi
a8,audi
acadiane,citroen
accent,hyundai
acclaim,triumph
accord,honda
acty,honda
actyon,ssangyong
adam,opel
adam,vauxhall
aerostar,ford
agila,opel
agila,vauxhall
albea,fiat
alero,chevrolet
alfa 6,alfa romeo
alfa gt,alfa romeo
alfasud,alfa romeo
alfetta,alfa romeo
alhambra,seat
allante,cadillac
allegro,austin
allegro,austin morris
almera,nissan
alpina,bmw
alpine,renault
altea,seat
alto,suzuki
amarok,volkswagen
ambassador,austin
ambassador,austin morris
ami,citroen
amigo,isuzu
ampera,opel
ampera,vauxhall
antara,opel
antara,vauxhall
applause,daihatsu
ar6/ar8,alfa romeo
arena,opel
arena,vauxhall
argenta,fiat
aries,dodge
arna,alfa romeo
arnage,bentley
arosa,seat
ascona,opel
aspen,dodge
astramax,bedford
astra,opel
astravan,bedford
astra,vauxhall
astro-van,chevrolet
asx,mitsubishi
atleon,nissan
atos,hyundai
ats,cadillac
auris,toyota
avantime,renault
avenger,dodge
avensis,toyota
aveo,chevrolet
ax,citroen
axel,citroen
aygo,toyota
azera,hyundai
azure,bentley
b9 tribeca,subaru
bagheera,talbot
baleno,suzuki
barchetta,fiat
beetle,volkswagen
belmont,vauxhall
beretta,chevrolet
berlingo,citroen
besta,kia
beta,lancia
bighorn,isuzu
bipper,peugeot
biturbo,maserati
blazer,chevrolet
bls,cadillac
bluebird,nissan
b-max,ford
bongo,mazda
bonneville,pontiac
bora,maserati
bora,volkswagen
boxer,peugeot
boxster,porsche
brat,subaru
brava,fiat
brava,vauxhall
bravo,fiat
brera,alfa romeo
bronco,ford
brooklands,bentley
brougham,cadillac
brz,subaru
bt-50,mazda
bus-wide 55,daihatsu
bx,citroen
c15,citroen
c1,citroen
c25,citroen
c2,citroen
c30,volvo
c3,citroen
c4,citroen
c5,citroen
c6,citroen
c70,volvo
c8,citroen
cabriolet,audi
cabstar,nissan
caddy,volkswagen
caliber,dodge
calibra,opel
calibra,vauxhall
california,ferrari
camaro,chevrolet
campagnola,fiat
campo,isuzu
campo,opel
camry,toyota
canter,mitsubishi
cappuccino,suzuki
caprice,chevrolet
capri,ford
captiva,chevrolet
captiva,daewoo
captur,renault
caravan,dodge
carens,kia
carina,toyota
carisma,mitsubishi
carlton,vauxhall
carnival,kia
carpat,aro
carrera gt,porsche
carry,suzuki
carstar/joice,kia
cascada,opel
cascada,vauxhall
cavalier,chevrolet
cavalier,vauxhall
cayenne,porsche
cayman,porsche
c-crosser,citroen
cedric,nissan
cee d,kia
celebrity,chevrolet
celeste,mitsubishi
celica,toyota
centennial,hyundai
century,buick
cerato,kia
ceres,kia
cf,bedford
cf,vauxhall
challenger,dodge
charade,daihatsu
charger,dodge
charmant,daihatsu
cherokee,jeep
cherokee,renault
chevanne,vauxhall
chevelle,chevrolet
chevette,chevrolet
chevette,vauxhall
chrysler,talbot
cirrus,chrysler
citan,mercedes
citigo,skoda
city,honda
civic,honda
cj,chrysler
clarus,kia
classe a,mercedes
classe b,mercedes
classe cla,mercedes
classe clc,mercedes
classe clk,mercedes
classe cl,mercedes
classe cls,mercedes
classe c,mercedes
classe e,mercedes
classe gla,mercedes
classe glk,mercedes
classe g,mercedes
classe m-gl,mercedes
classe m,mercedes
classe r,mercedes
classe slk,mercedes
classe sl,mercedes
classe slr,mercedes
classe sls amg,mercedes
classe s,mercedes
clio,renault
c-max,ford
coccinelle,volkswagen
colt,mitsubishi
comanche,chrysler
combo,opel
commander,jeep
compass,jeep
concerto,honda
conquest,chrysler
continental,bentley
continental flying s,bentley
copen,daihatsu
cordia,mitsubishi
cordoba,chrysler
cordoba,seat
corniche,rolls royce
corolla,toyota
corolla x,toyota
corona,toyota
corrado,volkswagen
corsa,opel
corsica,chevrolet
corvette,chevrolet
cougar,ford
countach,lamborghini
coupe,audi
coupe,fiat
coupe,hyundai
coupe,maserati
coupe quattro,audi
courrier,ford
crafter,volkswagen
cressida,toyota
croma,fiat
crossfire,chrysler
cruze,chevrolet
crx,honda
crv,honda
crz,honda
cr-v,honda
cr-x,honda
cr-z,honda
ct,lexus
cts,cadillac
cube,nissan
cuore,daihatsu
cx-5,mazda
cx-7,mazda
cx-9,mazda
cx,citroen
cygnet,aston martin
c-zero,citroen
d21,nissan
d22/np300,nissan
dakota,dodge
daytona,chrysler
daytona,dodge
db7,aston martin
dbs,aston martin
dedra,lancia
defender,land rover
delta,chrysler
delta,lancia
demio,mazda
deville,cadillac
diablo,lamborghini
diamante,mitsubishi
discovery,land rover
d-max,isuzu
doblo,fiat
dokker,dacia
dolomite,triumph
domino,daihatsu
double six,daimler
ds3,citroen
ds4,citroen
ds5,citroen
ds,citroen
ducato,fiat
duna,fiat
duster,dacia
dyane,citroen
dynasty,chrysler
dynasty,dodge
dyna,toyota
e12,subaru
eb 110,bugatti
e class,chrysler
eclat,lotus
eclipse,mitsubishi
econovan,ford
ecosport,ford
eight,bentley
elan,lotus
elantra,hyundai
elba,innocenti
eldorado,cadillac
electra,buick
elise,lotus
elite,lotus
enzo,ferrari
eos,volkswagen
epica,chevrolet
epica,daewoo
escalade,cadillac
escape,toyota
es,chrysler
escort,ford
es,lexus
espace,renault
espero,daewoo
esprit,lotus
estafette,renault
europa,lotus
evanda,chevrolet
evanda,daewoo
evasion,citroen
evora,lotus
excel,hyundai
excel,lotus
exeo,seat
exige,lotus
expert,peugeot
explorer,ford
express,renault
express,talbot
extol,daihatsu
f12,ferrari
f40,ferrari
f50,ferrari
fabia,skoda
family,ssangyong
favorit,skoda
felicia,skoda
feroza,daihatsu
ff,ferrari
fiero,pontiac
fiesta,ford
fifth avenue,chrysler
fiorino,fiat
firebird,pontiac
flavia,lancia
fleetwood,cadillac
fluence,renault
flying spur,rolls royce
focus,ford
forester,subaru
fox,volkswagen
freelander,land rover
freemont,fiat
frontera,opel
frontera,vauxhall
fr-v,honda
f/tf,mg
f-type,jaguar
fuego,renault
fura,seat
fusion,ford
galant,mitsubishi
galaxy,ford
gallardo,lamborghini
galloper,hyundai
gamma,lancia
gemini,isuzu
genesis,hyundai
getz,hyundai
ghibli,maserati
ghost,rolls royce
giulia,alfa romeo
giulietta,alfa romeo
golf plus,volkswagen
golf,volkswagen
granada,ford
grand-am,pontiac
grand cherokee,jeep
grandeur,hyundai
grandis,mitsubishi
grand vitara,suzuki
gran move,daihatsu
gransport,maserati
granta,lada
gsa,citroen
gs,chrysler
gs,citroen
gs,lexus
gt86,toyota
gt,alfa romeo
gt,opel
gt-r,nissan
gts,chrysler
gtv,alfa romeo
h100,hyundai
h1,hyundai
h2,hummer
h3,hummer
hi ace,toyota
hijet,daihatsu
hilux,toyota
hi-topic,asia
horizon,talbot
hr-v,honda
hy,citroen
i10,hyundai
i20,hyundai
i30,hyundai
i3,bmw
i40,hyundai
ibiza,seat
idea,fiat
ignis,suzuki
iltis,volkswagen
i-miev,mitsubishi
imperial,chrysler
impreza,subaru
inca,seat
indica,tata
insight,honda
insignia,opel
insignia,vauxhall
integra,honda
interstar,nissan
intrepid,chrysler
intrepid,dodge
ion,peugeot
iq,toyota
is,lexus
ix20,hyundai
ix35,hyundai
ix55,hyundai
j5,peugeot
j7,peugeot
j9,peugeot
jalpa,lamborghini
jazz,honda
jetta,volkswagen
jimny,suzuki
journey,dodge
juke,nissan
jumper,citroen
jumpy,citroen
justy,subaru
k2500,kia
k2700,kia
kadett,opel
ka,ford
kalina,lada
kalos,chevrolet
kalos,daewoo
kangoo,renault
kappa,lancia
karif,maserati
kb pick-up,isuzu
kb,vauxhall
khamsin,maserati
kizashi,suzuki
koleos,renault
korando,daewoo
korando,ssangyong
kubistar,nissan
kuga,ford
kyalami,maserati
kyron,ssangyong
l200,mitsubishi
lacetti,chevrolet
lacetti,daewoo
lagonda,aston martin
laguna,renault
lancer,dodge
lancer,mitsubishi
lancer x,mitsubishi
land cruiser,toyota
lanos,daewoo
laser,chrysler
latitude,renault
laurel,nissan
leaf,nissan
le baron,chrysler
legacy,subaru
leganza,daewoo
legend,honda
leone,subaru
leon,seat
le sabre,buick
lfa,lexus
liana,suzuki
linea,fiat
lite ace,toyota
lna,citroen
ln,citroen
lodgy,dacia
logan,dacia
logo,honda
ls,lexus
lt,volkswagen
lumina,chevrolet
lupo,volkswagen
lybra,lancia
macan,porsche
maestro,mg
maestro,rover
magentis,kia
malaga,seat
malibu,chevrolet
manta,vauxhall
marbella,seat
marea,fiat
marengo,fiat
marina,austin
marina,austin morris
mascott,renault
master,renault
materia,daihatsu
matiz,chevrolet
matiz,daewoo
matrix,hyundai
maverick,ford
maxi,austin
maxi,austin morris
maxima,nissan
maxity,renault
mazda 2,mazda
mazda 3,mazda
mazda 5,mazda
mazda 6,mazda
mc12,maserati
megane,renault
mehari,citroen
mentor,kia
merak,maserati
meriva,opel
metro,mg
metro,rover
micra,nissan
midget,mg
midi,bedford
midi,isuzu
midi,vauxhall
mii,seat
mini,innocenti
mini jumbo,subaru
mini,mini
mini ram,dodge
mini,rover
mito,alfa romeo
model f,toyota
model,make
modus,renault
moke,rover
mokka,opel
mokka,vauxhall
monaco,dodge
mondeo,ford
mondial,ferrari
monte carlo,chevrolet
montego,mg
montego,rover
monterey,opel
monterey,vauxhall
montero,mitsubishi
montreal,alfa romeo
monza,chevrolet
monza,opel
movano,opel
movano,vauxhall
move,daihatsu
mpv,mazda
mr,toyota
mulsanne,bentley
multipla,fiat
murano,nissan
murcielago,lamborghini
murena,talbot
musa,lancia
musso,daewoo
musso,ssangyong
mustang,ford
mv,subaru
mx-3,mazda
mx5,mazda
natacha,lada
navara,nissan
nemo,citroen
neon,chrysler
neon,dodge
new beetle,volkswagen
newport,chrysler
new yorker,chrysler
nexia,daewoo
nitro,dodge
niva,lada
note,nissan
nova,chevrolet
nova,vauxhall
np300,nissan
n series,isuzu
nsx,honda
nubira,chevrolet
nubira,daewoo
nv200,nissan
nv400,nissan
nx,lexus
octavia,skoda
omega,lotus
omega,opel
omega,vauxhall
omni,dodge
opirus,kia
optima,kia
orion,ford
orlando,chevrolet
outback,subaru
outlander,mitsubishi
p4,peugeot
pajero,mitsubishi
pajero pinin,mitsubishi
pajero sport,mitsubishi
palio,fiat
panamera,porsche
panda,fiat
panda,seat
park avenue,buick
park ward,rolls royce
partner,peugeot
paseo,toyota
passat,volkswagen
pathfinder,nissan
patriot,jeep
patrol,nissan
phaeton,volkswagen
phantom,rolls royce
phedra,lancia
phoenix,pontiac
piazza,isuzu
picanto,kia
picnic,toyota
pixo,nissan
polo,volkswagen
pony,hyundai
prairie,nissan
praktik,skoda
pregio,kia
prelude,honda
premacy,mazda
previa,toyota
pride,kia
primastar,nissan
primera,nissan
princess,austin
princess,austin morris
princess,rover
priora,lada
prisma,lancia
prius,toyota
proace,toyota
probe,ford
pt cruiser,chrysler
pulsar,nissan
puma,ford
punto,fiat
q3,audi
q5,audi
q7,audi
qashqai,nissan
quattroporte,maserati
quintet,honda
r19,renault
r21,renault
r25,renault
r4,renault
r8,audi
rancho,talbot
ranger,ford
range rover,land rover
rapide,aston martin
rapid,skoda
rascal,bedford
rascal,vauxhall
rav 4,toyota
rcz,peugeot
regata,fiat
retona,kia
rexton,daewoo
rexton,ssangyong
rezzo,chevrolet
rezzo,daewoo
rio,alfa romeo
rio,kia
ritmo,fiat
riviera,buick
rocky,daihatsu
rocsta,asia
rodius,ssangyong
ronda,seat
roomster,skoda
royale,vauxhall
runner,toyota
rx-7,mazda
rx-8,mazda
rx,lexus
rz,alfa romeo
s2000,honda
s40,volvo
s60,volvo
s70,volvo
s80,volvo
s90,volvo
safari,tata
safrane,renault
sagona,lada
samara,lada
samba,talbot
samurai,suzuki
sandero,dacia
santa fe,hyundai
santana,volkswagen
sapporo,mitsubishi
saratoga,chrysler
satellite,hyundai
saxo,citroen
scenic,renault
scirocco,volkswagen
sc,lexus
scorpio,ford
scoupe,hyundai
scudo,fiat
sebring,chrysler
sedici,fiat
senator,opel
sephia,kia
serena,nissan
serie 1,bmw
serie 2,bmw
serie 3,bmw
serie 4,bmw
serie 5,bmw
serie 6,bmw
serie 7,bmw
serie 8,bmw
serie m,bmw
series b,mazda
series e,mazda
serie x,suzuki
seville,cadillac
shadow,dodge
shamal,maserati
sharan,volkswagen
shifter,dacia
shifter,subaru
shuma,kia
shuttle,honda
sidekick,suzuki
sierra,ford
sigma,mitsubishi
signum,opel
signum,vauxhall
silverado,chevrolet
silver dawn,rolls royce
silver seraph,rolls royce
silver spirit,rolls royce
silver spur,rolls royce
silvia,nissan
sintra,opel
sintra,vauxhall
sirion,daihatsu
six,daimler
skyhawk,buick
skylark,buick
s-max,ford
solara,talbot
solenza,dacia
sonata,hyundai
sorento,kia
soul,kia
sovereign,daimler
space gear,mitsubishi
space runner,mitsubishi
space star,mitsubishi
space wagon,mitsubishi
spark,chevrolet
spectrum,chevrolet
speedster,opel
spider,alfa romeo
spider,fiat
spider,renault
spirit,dodge
spitfire,triumph
splash,suzuki
sportage,kia
sprint,alfa romeo
sprinter,mercedes
spyder,maserati
srx,cadillac
stag,triumph
stanza,nissan
starion,mitsubishi
starlet,toyota
stealth,dodge
stellar,hyundai
stilo,fiat
strada,fiat
stratus,chrysler
stratus,dodge
stream,honda
streetwise,rover
sts,cadillac
s-type,jaguar
suburban,chevrolet
sunbeam,talbot
sunbird,pontiac
sunny,nissan
super 5,renault
superb,skoda
super eight,daimler
supra,toyota
svx,subaru
swift,suzuki
sx4,suzuki
sz,alfa romeo
tacuma,daewoo
tagora,talbot
tahoe,chevrolet
talento,fiat
taro,volkswagen
taunus,ford
taurus,ford
tc by maserati,chrysler
tempra,fiat
tercel,toyota
terios,daihatsu
terracan,hyundai
terrano,nissan
terra,seat
terroir,aro
testarossa,ferrari
thema,lancia
thesis,lancia
tigra,opel
tigra,vauxhall
tiguan,volkswagen
tiida,nissan
tipo,fiat
toledo,seat
toledo,triumph
touareg,volkswagen
touran,volkswagen
tourneo,ford
town & country,chrysler
trade,nissan
trafic,renault
trajet,hyundai
transit,ford
transit/tourneo,ford
transporter,volkswagen
trans,seat
trans sport,chevrolet
trans sport,pontiac
trax,chevrolet
tredia,mitsubishi
trevi,lancia
trevis,daihatsu
trezia,subaru
tribeca,subaru
tribute,mazda
trooper,isuzu
trueno,toyota
tt,audi
tucson,hyundai
twingo,renault
twizy,renault
ulysse,fiat
uno,fiat
up,volkswagen
urban cruiser,toyota
urvan,nissan
v40,volvo
v50,volvo
v60,volvo
v70,volvo
v8,aston martin
v8,audi
v90,volvo
vaneo,mercedes
vanette,nissan
vanille,subaru
van,isuzu
vanquish,aston martin
vario,mercedes
vectra,opel
veloster,hyundai
velsatis,renault
venga,kia
vento,volkswagen
verso,toyota
viano-vito,mercedes
viceroy,vauxhall
viper,chrysler
viper,dodge
virage,aston martin
visa,citroen
vision,chrysler
vitara,suzuki
vito-classe,mercedes
vivaro,opel
vivaro,vauxhall
viva,vauxhall
vivio,subaru
volt,chevrolet
voyager,chrysler
voyager,lancia
vx,vauxhall
w450,smart
w451,smart
w452,smart
w454,smart
wagoneer,chrysler
wagon r,suzuki
wind,renault
windstar,ford
wrangler,jeep
wrangler,renault
wrx,subaru
x 1/9,fiat
x1,bmw
x300,daimler
x3,bmw
x4,bmw
x5,bmw
x6,bmw
x90,suzuki
xantia,citroen
xc60,volvo
xc70,volvo
xc90,volvo
xedos,mazda
xf,jaguar
xg,hyundai
xj,jaguar
xjs,jaguar
xk,jaguar
xlr,cadillac
xm,citroen
xsara,citroen
x-trail,nissan
x-type,jaguar
xv,subaru
y10,lancia
yaris,toyota
yeti,skoda
y,lancia
ypsilon,chrysler
ypsilon,lancia
yrv,daihatsu
z1,bmw
z3,bmw
z4,bmw
z8,bmw
zafira,opel
zeta,lancia
zoe,renault
zr,mg
zs,mg
zt,mg
zx,citroen
