Year,Make,Model,Locale
1997,Acura,CL,en-US
1997,Acura,Integra,en-US
1997,Acura,NSX,en-US
1997,Acura,Other Acura Models,en-US
1997,Acura,RL,en-US
1997,Acura,SLX,en-US
1997,Acura,TL,en-US
1997,Aston Martin,DB7,en-US
1997,Audi,A4,en-US
1997,Audi,A6,en-US
1997,Audi,A8,en-US
1997,Audi,Cabriolet,en-US
1997,Audi,S6,en-US
1997,Bentley,Azure,en-US
1997,Bentley,Brooklands,en-US
1997,Bentley,Continental,en-US
1997,Bentley,Turbo R,en-US
1997,BMW,318i,en-US
1997,BMW,318iS,en-US
1997,BMW,318ti,en-US
1997,BMW,328i,en-US
1997,BMW,328iS,en-US
1997,BMW,528i,en-US
1997,BMW,540i,en-US
1997,BMW,740i,en-US
1997,BMW,740iL,en-US
1997,BMW,750iL,en-US
1997,BMW,840Ci,en-US
1997,BMW,850Ci,en-US
1997,BMW,M3,en-US
1997,BMW,Z3,en-US
1997,Buick,Century,en-US
1997,Buick,Le Sabre,en-US
1997,Buick,Park Avenue,en-US
1997,Buick,Regal,en-US
1997,Buick,Riviera,en-US
1997,Buick,Skylark,en-US
1997,Cadillac,Catera,en-US
1997,Cadillac,De Ville,en-US
1997,Cadillac,Eldorado,en-US
1997,Cadillac,Other Cadillac Models,en-US
1997,Cadillac,Seville,en-US
1997,Chevrolet,Astro,en-US
1997,Chevrolet,Blazer,en-US
1997,Chevrolet,Camaro,en-US
1997,Chevrolet,Cavalier,en-US
1997,Chevrolet,Corvette,en-US
1997,Chevrolet,Express 1500,en-US
1997,Chevrolet,Express 2500,en-US
1997,Chevrolet,Express 3500,en-US
1997,Chevrolet,G10,en-US
1997,Chevrolet,G20,en-US
1997,Chevrolet,G30,en-US
1997,Chevrolet,Lumina,en-US
1997,Chevrolet,Malibu,en-US
1997,Chevrolet,Monte Carlo,en-US
1997,Chevrolet,Other Chevrolet Models,en-US
1997,Chevrolet,S10 Pickup,en-US
1997,Chevrolet,Silverado and other C/K1500,en-US
1997,Chevrolet,Silverado and other C/K2500,en-US
1997,Chevrolet,Silverado and other C/K3500,en-US
1997,Chevrolet,Suburban,en-US
1997,Chevrolet,Tahoe,en-US
1997,Chevrolet,Venture,en-US
1997,Chrysler,Cirrus,en-US
1997,Chrysler,Concorde,en-US
1997,Chrysler,Intrepid,en-US
1997,Chrysler,LHS,en-US
1997,Chrysler,Sebring,en-US
1997,Chrysler,Town & Country,en-US
1997,Dodge,Avenger,en-US
1997,Dodge,B1500,en-US
1997,Dodge,B2500,en-US
1997,Dodge,B3500,en-US
1997,Dodge,Caravan,en-US
1997,Dodge,Dakota,en-US
1997,Dodge,Grand Caravan,en-US
1997,Dodge,Intrepid,en-US
1997,Dodge,Mini Ram Van,en-US
1997,Dodge,Neon,en-US
1997,Dodge,Other Dodge Models,en-US
1997,Dodge,Ram 1500 Truck,en-US
1997,Dodge,Ram 2500 Truck,en-US
1997,Dodge,Ram 3500 Truck,en-US
1997,Dodge,Stratus,en-US
1997,Dodge,Viper,en-US
1997,Eagle,Talon,en-US
1997,Eagle,Vision,en-US
1997,Ferrari,456 GT,en-US
1997,Ferrari,550 Maranello,en-US
1997,Ferrari,F355,en-US
1997,Ford,Aerostar,en-US
1997,Ford,Aspire,en-US
1997,Ford,Contour,en-US
1997,Ford,Crown Victoria,en-US
1997,Ford,E-150 and Econoline 150,en-US
1997,Ford,E-250 and Econoline 250,en-US
1997,Ford,E-350 and Econoline 350,en-US
1997,Ford,Escort,en-US
1997,Ford,Expedition,en-US
1997,Ford,Explorer,en-US
1997,Ford,F150,en-US
1997,Ford,F250,en-US
1997,Ford,F350,en-US
1997,Ford,F450,en-US
1997,Ford,Mustang,en-US
1997,Ford,Other Ford Models,en-US
1997,Ford,Probe,en-US
1997,Ford,Ranger,en-US
1997,Ford,Taurus,en-US
1997,Ford,Thunderbird,en-US
1997,Ford,Windstar,en-US
1997,Geo,Metro,en-US
1997,Geo,Prizm,en-US
1997,Geo,Tracker,en-US
1997,GMC,Jimmy,en-US
1997,GMC,Other GMC Models,en-US
1997,GMC,S15 Jimmy,en-US
1997,GMC,Safari,en-US
1997,GMC,Savana 1500,en-US
1997,GMC,Savana 2500,en-US
1997,GMC,Savana 3500,en-US
1997,GMC,Sierra C/K1500,en-US
1997,GMC,Sierra C/K2500,en-US
1997,GMC,Sierra C/K3500,en-US
1997,GMC,Sonoma,en-US
1997,GMC,Suburban,en-US
1997,GMC,Yukon,en-US
1997,Honda,Accord,en-US
1997,Honda,Civic,en-US
1997,Honda,CR-V,en-US
1997,Honda,Del Sol,en-US
1997,Honda,Odyssey,en-US
1997,Honda,Other Honda Models,en-US
1997,Honda,Passport,en-US
1997,Honda,Prelude,en-US
1997,HUMMER,H1,en-US
1997,Hyundai,Accent,en-US
1997,Hyundai,Elantra,en-US
1997,Hyundai,Other Hyundai Models,en-US
1997,Hyundai,Sonata,en-US
1997,Hyundai,Tiburon,en-US
1997,Infiniti,I30,en-US
1997,Infiniti,J30,en-US
1997,Infiniti,Q45,en-US
1997,Infiniti,QX4,en-US
1997,Isuzu,Hombre,en-US
1997,Isuzu,Oasis,en-US
1997,Isuzu,Rodeo,en-US
1997,Isuzu,Trooper,en-US
1997,Jaguar,Other Jaguar Models,en-US
1997,Jaguar,XJ Vanden Plas,en-US
1997,Jaguar,XJ6,en-US
1997,Jaguar,XJR,en-US
1997,Jaguar,XK8,en-US
1997,Jeep,Cherokee,en-US
1997,Jeep,Grand Cherokee,en-US
1997,Jeep,Other Jeep Models,en-US
1997,Jeep,Wrangler,en-US
1997,Kia,Sephia,en-US
1997,Kia,Sportage,en-US
1997,Lamborghini,Diablo,en-US
1997,Land Rover,Defender,en-US
1997,Land Rover,Discovery,en-US
1997,Land Rover,Range Rover,en-US
1997,Lexus,ES 300,en-US
1997,Lexus,GS 300,en-US
1997,Lexus,LS 400,en-US
1997,Lexus,LX 450,en-US
1997,Lexus,SC 300,en-US
1997,Lexus,SC 400,en-US
1997,Lincoln,Continental,en-US
1997,Lincoln,Mark VIII,en-US
1997,Lincoln,Town Car,en-US
1997,Lotus,Esprit,en-US
1997,Mazda,626,en-US
1997,Mazda,B-Series Pickup,en-US
1997,Mazda,Millenia,en-US
1997,Mazda,MPV,en-US
1997,Mazda,MX-5 Miata,en-US
1997,Mazda,MX6,en-US
1997,Mazda,Protege,en-US
1997,Mercedes-Benz,C230,en-US
1997,Mercedes-Benz,C280,en-US
1997,Mercedes-Benz,C36 AMG,en-US
1997,Mercedes-Benz,E300,en-US
1997,Mercedes-Benz,E320,en-US
1997,Mercedes-Benz,E420,en-US
1997,Mercedes-Benz,S320,en-US
1997,Mercedes-Benz,S420,en-US
1997,Mercedes-Benz,S500,en-US
1997,Mercedes-Benz,S600,en-US
1997,Mercedes-Benz,SL320,en-US
1997,Mercedes-Benz,SL500,en-US
1997,Mercedes-Benz,SL600,en-US
1997,Mercury,Cougar,en-US
1997,Mercury,Grand Marquis,en-US
1997,Mercury,Mountaineer,en-US
1997,Mercury,Mystique,en-US
1997,Mercury,Other Mercury Models,en-US
1997,Mercury,Sable,en-US
1997,Mercury,Tracer,en-US
1997,Mercury,Villager,en-US
1997,Mitsubishi,3000GT,en-US
1997,Mitsubishi,Diamante,en-US
1997,Mitsubishi,Eclipse,en-US
1997,Mitsubishi,Galant,en-US
1997,Mitsubishi,Mirage,en-US
1997,Mitsubishi,Montero,en-US
1997,Mitsubishi,Montero Sport,en-US
1997,Mitsubishi,Other Mitsubishi Models,en-US
1997,Nissan,200SX,en-US
1997,Nissan,240SX,en-US
1997,Nissan,Altima,en-US
1997,Nissan,Maxima,en-US
1997,Nissan,Pathfinder,en-US
1997,Nissan,Pickup,en-US
1997,Nissan,Quest,en-US
1997,Nissan,Sentra,en-US
1997,Oldsmobile,88,en-US
1997,Oldsmobile,Achieva,en-US
1997,Oldsmobile,Aurora,en-US
1997,Oldsmobile,Bravada,en-US
1997,Oldsmobile,Cutlass,en-US
1997,Oldsmobile,Cutlass Supreme,en-US
1997,Oldsmobile,Regency,en-US
1997,Oldsmobile,Silhouette,en-US
1997,Plymouth,Breeze,en-US
1997,Plymouth,Grand Voyager,en-US
1997,Plymouth,Neon,en-US
1997,Plymouth,Other Plymouth Models,en-US
1997,Plymouth,Prowler,en-US
1997,Plymouth,Voyager,en-US
1997,Pontiac,Bonneville,en-US
1997,Pontiac,Firebird,en-US
1997,Pontiac,Grand Am,en-US
1997,Pontiac,Grand Prix,en-US
1997,Pontiac,Sunfire,en-US
1997,Pontiac,Trans Sport,en-US
1997,Porsche,911,en-US
1997,Porsche,Boxster,en-US
1997,Porsche,Other Porsche Models,en-US
1997,Rolls-Royce,Silver Dawn,en-US
1997,Rolls-Royce,Silver Spur,en-US
1997,Saab,900,en-US
1997,Saab,9000,en-US
1997,Saab,Other Saab Models,en-US
1997,Saturn,Other Saturn Models,en-US
1997,Saturn,S-Series,en-US
1997,Subaru,Impreza,en-US
1997,Subaru,Legacy,en-US
1997,Subaru,Other Subaru Models,en-US
1997,Subaru,Outback,en-US
1997,Subaru,SVX,en-US
1997,Suzuki,Esteem,en-US
1997,Suzuki,Sidekick,en-US
1997,Suzuki,Swift,en-US
1997,Suzuki,X-90,en-US
1997,Toyota,4Runner,en-US
1997,Toyota,Avalon,en-US
1997,Toyota,Camry,en-US
1997,Toyota,Celica,en-US
1997,Toyota,Corolla,en-US
1997,Toyota,Land Cruiser,en-US
1997,Toyota,Paseo,en-US
1997,Toyota,Previa,en-US
1997,Toyota,RAV4,en-US
1997,Toyota,Supra,en-US
1997,Toyota,T100,en-US
1997,Toyota,Tacoma,en-US
1997,Toyota,Tercel,en-US
1997,Volkswagen,Cabrio,en-US
1997,Volkswagen,Eurovan,en-US
1997,Volkswagen,Golf,en-US
1997,Volkswagen,GTI,en-US
1997,Volkswagen,Jetta,en-US
1997,Volkswagen,Other Volkswagen Models,en-US
1997,Volkswagen,Passat,en-US
1997,Volvo,850,en-US
1997,Volvo,960,en-US
1997,Volvo,Other Volvo Models,en-US
