Subreddit,display_name,2011-12-23 Subscribers,2018-04-11 Subscribers,Percent of Humans with this MBTI Type
http://www.reddit.com/r/intp/,INTP,1567,43424,3.3
http://www.reddit.com/r/intj/,INTJ,937,39598,2.1
http://www.reddit.com/r/infp/,INFP,386,32980,4.4
http://www.reddit.com/r/infj/,INFJ,100,29451,1.5
http://www.reddit.com/r/enfp/,ENFP,46,16590,8.1
http://www.reddit.com/r/entp/,ENTP,59,13933,3.2
http://www.reddit.com/r/istp/,ISTP,20,6107,5.4
http://www.reddit.com/r/entj/,ENTJ,21,5656,1.8
http://www.reddit.com/r/istj/,ISTJ,38,5059,11.6
http://www.reddit.com/r/enfj/,ENFJ,9,4344,2.5
http://www.reddit.com/r/isfj/,ISFJ,12,3712,13.8
http://www.reddit.com/r/isfp/,ISFP,6,3025,8.8
http://www.reddit.com/r/estp/,ESTP,not created yet,1340,4.3
http://www.reddit.com/r/esfp/,ESFP,not created yet,1217,8.5
http://www.reddit.com/r/estj/,ESTJ,not created yet,1108,8.7
http://www.reddit.com/r/esfj/,ESFJ,not created yet,1100,12.3
