display_name,subscribers
"newyork","12512",
"LosAngeles","109767",
"chicago","112122",
"Brooklyn","20788",
"Queens","4774",
"houston","76078",
"manhattan","2953",
"philadelphia","62580",
"phoenix","30569",
"sanantonio","18647",
"bronx","1578",
"sandiego","49316",
"Dallas","50023",
"SanJose","16479",
"undefined","undefined",
"Austin","86842",
"jacksonville","8748",
"sanfrancisco","83811",
"indianapolis","17654",
"Columbus","27883",
"FortWorth","10262",
"Charlotte","20876",
"Detroit","25392",
"ElPaso","3922",
"Seattle","114892",
"Denver","62485",
"Washington","17866",
"memphis","8740",
"boston","87064",
"undefined","undefined",
"baltimore","26581",
"oklahomacity","737",
"Portland","91740",
"LasVegas","11129",
"milwaukee","15095",
"Albuquerque","9644",
"Tucson","12255",
"fresno","4390",
"undefined","undefined",
"undefined","undefined",
"Sacramento","20030",
"statenisland","1979",
"longbeach","6641",
"undefined","undefined",
"kansascity","25569",
"Mesa","50",
"undefined","undefined",
"Atlanta","70093",
"undefined","undefined",
"VirginiaBeach","3341",
"Omaha","11456",
"ColoradoSprings","10136",
"raleigh","20275",
"Miami","17445",
"oakland","13185",
"Minneapolis","28788",
"tulsa","8565",
"Cleveland","19415",
"wichita","4413",
"NewOrleans","26065",
"arlington","2593",
"NorthCoast","2",
"Honolulu","2349",
"Bakersfield","3174",
"tampa","21834",
"aurora","3982",
"undefined","undefined",
"Anaheim","612",
"undefined","undefined",
"santaana","277",
"undefined","undefined",
"undefined","undefined",
"CorpusChristi","386",
"Riverside","997",
"undefined","undefined",
"undefined","undefined",
"pittsburgh","37432",
"Stockton","698",
"anchorage","3701",
"SouthCoast","364",
"cincinnati","22042",
"undefined","undefined",
"Fayette","0",
"Greensboro","118",
"toledo","3601",
"Newark","1454",
"EWA","1",
"plano","3269",
"Henderson","19",
"lincoln","4388",
"Louisville","15407",
"orlando","25484",
"jerseycity","4507",
"chulavista","203",
"Buffalo","12907",
"fortwayne","3090",
"Chandler","16",
"laredo","532",
"durham","1405",
"undefined","undefined",
"irvine","2120",
"undefined","undefined",
"Madison","348",
"norfolk","5196",
"Lubbock","3850",
"Gilbert","339",
"undefined","undefined",
"centralcoast","231",
"glendale","753",
"Reno","6191",
"Hialeah","47",
"garland","469",
"Chesapeake","430",
"irving","246",
"undefined","undefined",
"Scottsdale","1925",
"batonrouge","5494",
"Fremont","1253",
"undefined","undefined",
"Paradise","28",
"Richmond","390",
"Boise","7333",
"sanbernardino","170",
"Birmingham","12897",
